ID_TRANSACCION,COD_CLIENTE,NRO_CUOTA_PAGADA,FECHA_PAGO,MONTO_ABONADO,MEDIO_DE_PAGO,LUGAR_DE_COBRO,TIPO_CONCEPTO
"TR-816-020726","816","93","02/07/26","40.000,00","NO ESPECIFICADO","HISTORICO","FACTURA NORMAL"
"TR-816-030626","816","92","03/06/26","40.000,00","NO ESPECIFICADO","HISTORICO","FACTURA NORMAL"
"TR-816-050526","816","91","05/05/26","40.000,00","NO ESPECIFICADO","HISTORICO","FACTURA NORMAL"
"TR-816-070426","816","90","07/04/26","40.000,00","NO ESPECIFICADO","HISTORICO","FACTURA NORMAL"
"TR-816-060326","816","89","06/03/26","40.000,00","NO ESPECIFICADO","HISTORICO","FACTURA NORMAL"
"TR-816-040226","816","88","04/02/26","40.000,00","NO ESPECIFICADO","HISTORICO","FACTURA NORMAL"
"TR-823-310726","823","93","31/07/26","30.000,00","NO ESPECIFICADO","HISTORICO","FACTURA NORMAL"
"TR-823-300626","823","92","30/06/26","30.000,00","NO ESPECIFICADO","HISTORICO","FACTURA NORMAL"
"TR-823-280526","823","91","28/05/26","30.000,00","NO ESPECIFICADO","HISTORICO","FACTURA NORMAL"
"TR-823-270426","823","90","27/04/26","30.000,00","NO ESPECIFICADO","HISTORICO","FACTURA NORMAL"
"TR-823-260326","823","89","26/03/26","30.000,00","NO ESPECIFICADO","HISTORICO","FACTURA NORMAL"
"TR-823-200226","823","88","20/02/26","30.000,00","NO ESPECIFICADO","HISTORICO","FACTURA NORMAL"
"TR-834-310726","834","93","31/07/26","60.000,00","NO ESPECIFICADO","HISTORICO","FACTURA NORMAL"
"TR-834-300626","834","92","30/06/26","60.000,00","NO ESPECIFICADO","HISTORICO","FACTURA NORMAL"
"TR-834-300526","834","91","30/05/26","60.000,00","NO ESPECIFICADO","HISTORICO","FACTURA NORMAL"
"TR-834-290426","834","90","29/04/26","60.000,00","NO ESPECIFICADO","HISTORICO","FACTURA NORMAL"
"TR-834-120326","834","89","12/03/26","60.000,00","NO ESPECIFICADO","HISTORICO","FACTURA NORMAL"
"TR-834-100226","834","88","10/02/26","60.000,00","NO ESPECIFICADO","HISTORICO","FACTURA NORMAL"
"TR-1186-080726","1186","84","08/07/26","80.000,00","NO ESPECIFICADO","HISTORICO","FACTURA NORMAL"
"TR-1186-160626","1186","83","16/06/26","80.000,00","NO ESPECIFICADO","HISTORICO","FACTURA NORMAL"
"TR-1186-140526","1186","82","14/05/26","80.000,00","NO ESPECIFICADO","HISTORICO","FACTURA NORMAL"
"TR-1186-060426","1186","81","06/04/26","80.000,00","NO ESPECIFICADO","HISTORICO","FACTURA NORMAL"
"TR-1186-030326","1186","80","03/03/26","80.000,00","NO ESPECIFICADO","HISTORICO","FACTURA NORMAL"
"TR-1186-090226","1186","79","09/02/26","80.000,00","NO ESPECIFICADO","HISTORICO","FACTURA NORMAL"
"TR-1417-080726","1417","77","08/07/26","80.000,00","NO ESPECIFICADO","HISTORICO","FACTURA NORMAL"
"TR-1417-160626","1417","76","16/06/26","80.000,00","NO ESPECIFICADO","HISTORICO","FACTURA NORMAL"
"TR-1417-140526","1417","75","14/05/26","80.000,00","NO ESPECIFICADO","HISTORICO","FACTURA NORMAL"
"TR-1417-060426","1417","74","06/04/26","80.000,00","NO ESPECIFICADO","HISTORICO","FACTURA NORMAL"
"TR-1417-030326","1417","73","03/03/26","80.000,00","NO ESPECIFICADO","HISTORICO","FACTURA NORMAL"
"TR-1417-090226","1417","72","09/02/26","80.000,00","NO ESPECIFICADO","HISTORICO","FACTURA NORMAL"
"TR-1457-310726","1457","76","31/07/26","60.000,00","NO ESPECIFICADO","HISTORICO","FACTURA NORMAL"
"TR-1457-300626","1457","75","30/06/26","60.000,00","NO ESPECIFICADO","HISTORICO","FACTURA NORMAL"
"TR-1457-300526","1457","74","30/05/26","60.000,00","NO ESPECIFICADO","HISTORICO","FACTURA NORMAL"
"TR-1457-300426","1457","73","30/04/26","60.000,00","NO ESPECIFICADO","HISTORICO","FACTURA NORMAL"
"TR-1457-300326","1457","72","30/03/26","60.000,00","NO ESPECIFICADO","HISTORICO","FACTURA NORMAL"
"TR-1457-260226","1457","71","26/02/26","60.000,00","NO ESPECIFICADO","HISTORICO","FACTURA NORMAL"
"TR-1597-310726","1597","73","31/07/26","60.000,00","NO ESPECIFICADO","HISTORICO","FACTURA NORMAL"
"TR-1597-300626","1597","72","30/06/26","60.000,00","NO ESPECIFICADO","HISTORICO","FACTURA NORMAL"
"TR-1597-300526","1597","71","30/05/26","60.000,00","NO ESPECIFICADO","HISTORICO","FACTURA NORMAL"
"TR-1597-300426","1597","70","30/04/26","60.000,00","NO ESPECIFICADO","HISTORICO","FACTURA NORMAL"
"TR-1597-310326","1597","69","31/03/26","60.000,00","NO ESPECIFICADO","HISTORICO","FACTURA NORMAL"
"TR-1597-270226","1597","68","27/02/26","60.000,00","NO ESPECIFICADO","HISTORICO","FACTURA NORMAL"
"TR-1601-060726","1601","73","06/07/26","80.000,00","NO ESPECIFICADO","HISTORICO","FACTURA NORMAL"
"TR-1601-030626","1601","72","03/06/26","80.000,00","NO ESPECIFICADO","HISTORICO","FACTURA NORMAL"
"TR-1601-060526","1601","71","06/05/26","80.000,00","NO ESPECIFICADO","HISTORICO","FACTURA NORMAL"
"TR-1601-060426","1601","70","06/04/26","80.000,00","NO ESPECIFICADO","HISTORICO","FACTURA NORMAL"
"TR-1601-040326","1601","69","04/03/26","80.000,00","NO ESPECIFICADO","HISTORICO","FACTURA NORMAL"
"TR-1601-060226","1601","68","06/02/26","80.000,00","NO ESPECIFICADO","HISTORICO","FACTURA NORMAL"
"TR-1671-310726","1671","73","31/07/26","30.000,00","NO ESPECIFICADO","HISTORICO","FACTURA NORMAL"
"TR-1671-300626","1671","72","30/06/26","30.000,00","NO ESPECIFICADO","HISTORICO","FACTURA NORMAL"
"TR-1671-290526","1671","71","29/05/26","30.000,00","NO ESPECIFICADO","HISTORICO","FACTURA NORMAL"
"TR-1671-280426","1671","70","28/04/26","30.000,00","NO ESPECIFICADO","HISTORICO","FACTURA NORMAL"
"TR-1671-310326","1671","69","31/03/26","30.000,00","NO ESPECIFICADO","HISTORICO","FACTURA NORMAL"
"TR-1671-240226","1671","68","24/02/26","30.000,00","NO ESPECIFICADO","HISTORICO","FACTURA NORMAL"
"TR-1791-200726","1791","71","20/07/26","60.000,00","NO ESPECIFICADO","HISTORICO","FACTURA NORMAL"
"TR-1791-180726","1791","70","18/07/26","60.000,00","NO ESPECIFICADO","HISTORICO","FACTURA NORMAL"
"TR-1791-270526","1791","69","27/05/26","60.000,00","NO ESPECIFICADO","HISTORICO","FACTURA NORMAL"
"TR-1791-200426","1791","68","20/04/26","60.000,00","NO ESPECIFICADO","HISTORICO","FACTURA NORMAL"
"TR-1791-170326","1791","67","17/03/26","60.000,00","NO ESPECIFICADO","HISTORICO","FACTURA NORMAL"
"TR-1791-200226","1791","66","20/02/26","60.000,00","NO ESPECIFICADO","HISTORICO","FACTURA NORMAL"
"TR-1829-310726","1829","70","31/07/26","300.000,00","NO ESPECIFICADO","HISTORICO","FACTURA NORMAL"
"TR-1829-250626","1829","69","25/06/26","300.000,00","NO ESPECIFICADO","HISTORICO","FACTURA NORMAL"
"TR-1829-290526","1829","68","29/05/26","300.000,00","NO ESPECIFICADO","HISTORICO","FACTURA NORMAL"
"TR-1829-230426","1829","67","23/04/26","300.000,00","NO ESPECIFICADO","HISTORICO","FACTURA NORMAL"
"TR-1829-260326","1829","66","26/03/26","300.000,00","NO ESPECIFICADO","HISTORICO","FACTURA NORMAL"
"TR-1829-220226","1829","65","22/02/26","300.000,00","NO ESPECIFICADO","HISTORICO","FACTURA NORMAL"
"TR-1870-220726","1870","69","22/07/26","40.000,00","NO ESPECIFICADO","HISTORICO","FACTURA NORMAL"
"TR-1870-220626","1870","68","22/06/26","40.000,00","NO ESPECIFICADO","HISTORICO","FACTURA NORMAL"
"TR-1870-200526","1870","67","20/05/26","40.000,00","NO ESPECIFICADO","HISTORICO","FACTURA NORMAL"
"TR-1870-210426","1870","66","21/04/26","40.000,00","NO ESPECIFICADO","HISTORICO","FACTURA NORMAL"
"TR-1870-180326","1870","65","18/03/26","40.000,00","NO ESPECIFICADO","HISTORICO","FACTURA NORMAL"
"TR-1870-200226","1870","64","20/02/26","40.000,00","NO ESPECIFICADO","HISTORICO","FACTURA NORMAL"
"TR-1871-310726","1871","69","31/07/26","35.000,00","NO ESPECIFICADO","HISTORICO","FACTURA NORMAL"
"TR-1871-300626","1871","68","30/06/26","35.000,00","NO ESPECIFICADO","HISTORICO","FACTURA NORMAL"
"TR-1871-300526","1871","67","30/05/26","35.000,00","NO ESPECIFICADO","HISTORICO","FACTURA NORMAL"
"TR-1871-300426","1871","66","30/04/26","35.000,00","NO ESPECIFICADO","HISTORICO","FACTURA NORMAL"
"TR-1871-310326","1871","65","31/03/26","35.000,00","NO ESPECIFICADO","HISTORICO","FACTURA NORMAL"
"TR-1871-280226","1871","64","28/02/26","35.000,00","NO ESPECIFICADO","HISTORICO","FACTURA NORMAL"
"TR-1900-310726","1900","69","31/07/26","60.000,00","NO ESPECIFICADO","HISTORICO","FACTURA NORMAL"
"TR-1900-300626","1900","68","30/06/26","60.000,00","NO ESPECIFICADO","HISTORICO","FACTURA NORMAL"
"TR-1900-290526","1900","67","29/05/26","60.000,00","NO ESPECIFICADO","HISTORICO","FACTURA NORMAL"
"TR-1900-300426","1900","66","30/04/26","60.000,00","NO ESPECIFICADO","HISTORICO","FACTURA NORMAL"
"TR-1900-310326","1900","65","31/03/26","60.000,00","NO ESPECIFICADO","HISTORICO","FACTURA NORMAL"
"TR-1900-280226","1900","64","28/02/26","60.000,00","NO ESPECIFICADO","HISTORICO","FACTURA NORMAL"
"TR-1954-010726","1954","67","01/07/26","50.000,00","NO ESPECIFICADO","HISTORICO","FACTURA NORMAL"
"TR-1954-040626","1954","66","04/06/26","50.000,00","NO ESPECIFICADO","HISTORICO","FACTURA NORMAL"
"TR-1954-300426","1954","65","30/04/26","50.000,00","NO ESPECIFICADO","HISTORICO","FACTURA NORMAL"
"TR-1954-110326","1954","64","11/03/26","50.000,00","NO ESPECIFICADO","HISTORICO","FACTURA NORMAL"
"TR-1954-040226","1954","63","04/02/26","50.000,00","NO ESPECIFICADO","HISTORICO","FACTURA NORMAL"
"TR-1954-020126","1954","62","02/01/26","50.000,00","NO ESPECIFICADO","HISTORICO","FACTURA NORMAL"
"TR-1999-100726","1999","66","10/07/26","60.000,00","NO ESPECIFICADO","HISTORICO","FACTURA NORMAL"
"TR-1999-040626","1999","65","04/06/26","60.000,00","NO ESPECIFICADO","HISTORICO","FACTURA NORMAL"
"TR-1999-120526","1999","64","12/05/26","60.000,00","NO ESPECIFICADO","HISTORICO","FACTURA NORMAL"
"TR-1999-080426","1999","63","08/04/26","60.000,00","NO ESPECIFICADO","HISTORICO","FACTURA NORMAL"
"TR-1999-020326","1999","62","02/03/26","60.000,00","NO ESPECIFICADO","HISTORICO","FACTURA NORMAL"
"TR-1999-040226","1999","61","04/02/26","60.000,00","NO ESPECIFICADO","HISTORICO","FACTURA NORMAL"
"TR-2010-310726","2010","66","31/07/26","30.000,00","NO ESPECIFICADO","HISTORICO","FACTURA NORMAL"
"TR-2010-300626","2010","65","30/06/26","30.000,00","NO ESPECIFICADO","HISTORICO","FACTURA NORMAL"
"TR-2010-290526","2010","64","29/05/26","30.000,00","NO ESPECIFICADO","HISTORICO","FACTURA NORMAL"
"TR-2010-300426","2010","63","30/04/26","30.000,00","NO ESPECIFICADO","HISTORICO","FACTURA NORMAL"
"TR-2010-310326","2010","62","31/03/26","30.000,00","NO ESPECIFICADO","HISTORICO","FACTURA NORMAL"
"TR-2010-270226","2010","61","27/02/26","30.000,00","NO ESPECIFICADO","HISTORICO","FACTURA NORMAL"
"TR-2015-250626","2015","66","25/06/26","70.000,00","NO ESPECIFICADO","HISTORICO","FACTURA NORMAL"
"TR-2015-290526","2015","65","29/05/26","70.000,00","NO ESPECIFICADO","HISTORICO","FACTURA NORMAL"
"TR-2015-230426","2015","64","23/04/26","70.000,00","NO ESPECIFICADO","HISTORICO","FACTURA NORMAL"
"TR-2015-190326","2015","63","19/03/26","70.000,00","NO ESPECIFICADO","HISTORICO","FACTURA NORMAL"
"TR-2015-200226","2015","62","20/02/26","70.000,00","NO ESPECIFICADO","HISTORICO","FACTURA NORMAL"
"TR-2024-060726","2024","66","06/07/26","30.000,00","NO ESPECIFICADO","HISTORICO","FACTURA NORMAL"
"TR-2024-020626","2024","65","02/06/26","30.000,00","NO ESPECIFICADO","HISTORICO","FACTURA NORMAL"
"TR-2024-040526","2024","64","04/05/26","30.000,00","NO ESPECIFICADO","HISTORICO","FACTURA NORMAL"
"TR-2024-080426","2024","63","08/04/26","30.000,00","NO ESPECIFICADO","HISTORICO","FACTURA NORMAL"
"TR-2024-020326","2024","62","02/03/26","30.000,00","NO ESPECIFICADO","HISTORICO","FACTURA NORMAL"
"TR-2024-030226","2024","61","03/02/26","30.000,00","NO ESPECIFICADO","HISTORICO","FACTURA NORMAL"
"TR-2095-080726","2095","64","08/07/26","65.000,00","NO ESPECIFICADO","HISTORICO","FACTURA NORMAL"
"TR-2095-100626","2095","63","10/06/26","65.000,00","NO ESPECIFICADO","HISTORICO","FACTURA NORMAL"
"TR-2095-120526","2095","62","12/05/26","65.000,00","NO ESPECIFICADO","HISTORICO","FACTURA NORMAL"
"TR-2095-130426","2095","61","13/04/26","65.000,00","NO ESPECIFICADO","HISTORICO","FACTURA NORMAL"
"TR-2095-050326","2095","60","05/03/26","65.000,00","NO ESPECIFICADO","HISTORICO","FACTURA NORMAL"
"TR-2095-040226","2095","59","04/02/26","65.000,00","NO ESPECIFICADO","HISTORICO","FACTURA NORMAL"
"TR-2119-030626","2119","63","03/06/26","30.000,00","NO ESPECIFICADO","HISTORICO","FACTURA NORMAL"
"TR-2119-290626","2119","62","29/06/26","30.000,00","NO ESPECIFICADO","HISTORICO","FACTURA NORMAL"
"TR-2119-040526","2119","61","04/05/26","30.000,00","NO ESPECIFICADO","HISTORICO","FACTURA NORMAL"
"TR-2119-010426","2119","60","01/04/26","30.000,00","NO ESPECIFICADO","HISTORICO","FACTURA NORMAL"
"TR-2119-050326","2119","59","05/03/26","30.000,00","NO ESPECIFICADO","HISTORICO","FACTURA NORMAL"
"TR-2119-040226","2119","58","04/02/26","30.000,00","NO ESPECIFICADO","HISTORICO","FACTURA NORMAL"
"TR-2120-030626","2120","63","03/06/26","500.000,00","NO ESPECIFICADO","HISTORICO","FACTURA NORMAL"
"TR-2120-010626","2120","62","01/06/26","500.000,00","NO ESPECIFICADO","HISTORICO","FACTURA NORMAL"
"TR-2120-040526","2120","61","04/05/26","500.000,00","NO ESPECIFICADO","HISTORICO","FACTURA NORMAL"
"TR-2120-060426","2120","60","06/04/26","500.000,00","NO ESPECIFICADO","HISTORICO","FACTURA NORMAL"
"TR-2120-060326","2120","59","06/03/26","500.000,00","NO ESPECIFICADO","HISTORICO","FACTURA NORMAL"
"TR-2120-020226","2120","58","02/02/26","500.000,00","NO ESPECIFICADO","HISTORICO","FACTURA NORMAL"
"TR-2207-060726","2207","61","06/07/26","60.000,00","NO ESPECIFICADO","HISTORICO","FACTURA NORMAL"
"TR-2207-100626","2207","60","10/06/26","60.000,00","NO ESPECIFICADO","HISTORICO","FACTURA NORMAL"
"TR-2207-150526","2207","59","15/05/26","60.000,00","NO ESPECIFICADO","HISTORICO","FACTURA NORMAL"
"TR-2207-100426","2207","58","10/04/26","60.000,00","NO ESPECIFICADO","HISTORICO","FACTURA NORMAL"
"TR-2207-100326","2207","57","10/03/26","60.000,00","NO ESPECIFICADO","HISTORICO","FACTURA NORMAL"
"TR-2207-100226","2207","56","10/02/26","60.000,00","NO ESPECIFICADO","HISTORICO","FACTURA NORMAL"
"TR-2326-100726","2326","59","10/07/26","60.000,00","NO ESPECIFICADO","HISTORICO","FACTURA NORMAL"
"TR-2326-090626","2326","58","09/06/26","60.000,00","NO ESPECIFICADO","HISTORICO","FACTURA NORMAL"
"TR-2326-060526","2326","57","06/05/26","60.000,00","NO ESPECIFICADO","HISTORICO","FACTURA NORMAL"
"TR-2326-060426","2326","56","06/04/26","60.000,00","NO ESPECIFICADO","HISTORICO","FACTURA NORMAL"
"TR-2326-050326","2326","55","05/03/26","60.000,00","NO ESPECIFICADO","HISTORICO","FACTURA NORMAL"
"TR-2326-020226","2326","54","02/02/26","60.000,00","NO ESPECIFICADO","HISTORICO","FACTURA NORMAL"
"TR-2339-300726","2339","59","30/07/26","60.000,00","NO ESPECIFICADO","HISTORICO","FACTURA NORMAL"
"TR-2339-250626","2339","58","25/06/26","60.000,00","NO ESPECIFICADO","HISTORICO","FACTURA NORMAL"
"TR-2339-290526","2339","57","29/05/26","60.000,00","NO ESPECIFICADO","HISTORICO","FACTURA NORMAL"
"TR-2339-240426","2339","56","24/04/26","60.000,00","NO ESPECIFICADO","HISTORICO","FACTURA NORMAL"
"TR-2339-270326","2339","55","27/03/26","60.000,00","NO ESPECIFICADO","HISTORICO","FACTURA NORMAL"
"TR-2339-270226","2339","54","27/02/26","60.000,00","NO ESPECIFICADO","HISTORICO","FACTURA NORMAL"
"TR-2360-130726","2360","59","13/07/26","60.000,00","NO ESPECIFICADO","HISTORICO","FACTURA NORMAL"
"TR-2360-080626","2360","58","08/06/26","60.000,00","NO ESPECIFICADO","HISTORICO","FACTURA NORMAL"
"TR-2360-110526","2360","57","11/05/26","60.000,00","NO ESPECIFICADO","HISTORICO","FACTURA NORMAL"
"TR-2360-060426","2360","56","06/04/26","60.000,00","NO ESPECIFICADO","HISTORICO","FACTURA NORMAL"
"TR-2360-110326","2360","55","11/03/26","60.000,00","NO ESPECIFICADO","HISTORICO","FACTURA NORMAL"
"TR-2360-100226","2360","54","10/02/26","60.000,00","NO ESPECIFICADO","HISTORICO","FACTURA NORMAL"
"TR-2374-310726","2374","58","31/07/26","60.000,00","NO ESPECIFICADO","HISTORICO","FACTURA NORMAL"
"TR-2374-300626","2374","57","30/06/26","60.000,00","NO ESPECIFICADO","HISTORICO","FACTURA NORMAL"
"TR-2374-290526","2374","56","29/05/26","60.000,00","NO ESPECIFICADO","HISTORICO","FACTURA NORMAL"
"TR-2374-270426","2374","55","27/04/26","60.000,00","NO ESPECIFICADO","HISTORICO","FACTURA NORMAL"
"TR-2374-280226","2374","54","28/02/26","60.000,00","NO ESPECIFICADO","HISTORICO","FACTURA NORMAL"
"TR-2374-310126","2374","53","31/01/26","60.000,00","NO ESPECIFICADO","HISTORICO","FACTURA NORMAL"
"TR-2461-140726","2461","57","14/07/26","55.000,00","NO ESPECIFICADO","HISTORICO","FACTURA NORMAL"
"TR-2461-160626","2461","56","16/06/26","55.000,00","NO ESPECIFICADO","HISTORICO","FACTURA NORMAL"
"TR-2461-200526","2461","55","20/05/26","55.000,00","NO ESPECIFICADO","HISTORICO","FACTURA NORMAL"
"TR-2461-210426","2461","54","21/04/26","55.000,00","NO ESPECIFICADO","HISTORICO","FACTURA NORMAL"
"TR-2461-200326","2461","53","20/03/26","55.000,00","NO ESPECIFICADO","HISTORICO","FACTURA NORMAL"
"TR-2461-190226","2461","52","19/02/26","55.000,00","NO ESPECIFICADO","HISTORICO","FACTURA NORMAL"
"TR-2486-130726","2486","56","13/07/26","40.000,00","NO ESPECIFICADO","HISTORICO","FACTURA NORMAL"
"TR-2486-160626","2486","55","16/06/26","40.000,00","NO ESPECIFICADO","HISTORICO","FACTURA NORMAL"
"TR-2486-140526","2486","54","14/05/26","40.000,00","NO ESPECIFICADO","HISTORICO","FACTURA NORMAL"
"TR-2486-200426","2486","53","20/04/26","40.000,00","NO ESPECIFICADO","HISTORICO","FACTURA NORMAL"
"TR-2486-130326","2486","52","13/03/26","40.000,00","NO ESPECIFICADO","HISTORICO","FACTURA NORMAL"
"TR-2486-160226","2486","51","16/02/26","40.000,00","NO ESPECIFICADO","HISTORICO","FACTURA NORMAL"
"TR-2489-240726","2489","56","24/07/26","150.000,00","NO ESPECIFICADO","HISTORICO","FACTURA NORMAL"
"TR-2489-170626","2489","55","17/06/26","150.000,00","NO ESPECIFICADO","HISTORICO","FACTURA NORMAL"
"TR-2489-260526","2489","54","26/05/26","150.000,00","NO ESPECIFICADO","HISTORICO","FACTURA NORMAL"
"TR-2489-210426","2489","53","21/04/26","150.000,00","NO ESPECIFICADO","HISTORICO","FACTURA NORMAL"
"TR-2489-200326","2489","52","20/03/26","150.000,00","NO ESPECIFICADO","HISTORICO","FACTURA NORMAL"
"TR-2489-060226","2489","51","06/02/26","150.000,00","NO ESPECIFICADO","HISTORICO","FACTURA NORMAL"
"TR-2526-140726","2526","55","14/07/26","50.000,00","NO ESPECIFICADO","HISTORICO","FACTURA NORMAL"
"TR-2526-100626","2526","54","10/06/26","50.000,00","NO ESPECIFICADO","HISTORICO","FACTURA NORMAL"
"TR-2526-110526","2526","53","11/05/26","50.000,00","NO ESPECIFICADO","HISTORICO","FACTURA NORMAL"
"TR-2526-240426","2526","52","24/04/26","50.000,00","NO ESPECIFICADO","HISTORICO","FACTURA NORMAL"
"TR-2526-190326","2526","51","19/03/26","50.000,00","NO ESPECIFICADO","HISTORICO","FACTURA NORMAL"
"TR-2526-200226","2526","50","20/02/26","50.000,00","NO ESPECIFICADO","HISTORICO","FACTURA NORMAL"
"TR-2543-310726","2543","54","31/07/26","60.000,00","NO ESPECIFICADO","HISTORICO","FACTURA NORMAL"
"TR-2543-300626","2543","53","30/06/26","60.000,00","NO ESPECIFICADO","HISTORICO","FACTURA NORMAL"
"TR-2543-290526","2543","52","29/05/26","60.000,00","NO ESPECIFICADO","HISTORICO","FACTURA NORMAL"
"TR-2543-300426","2543","51","30/04/26","60.000,00","NO ESPECIFICADO","HISTORICO","FACTURA NORMAL"
"TR-2543-310326","2543","50","31/03/26","60.000,00","NO ESPECIFICADO","HISTORICO","FACTURA NORMAL"
"TR-2543-280226","2543","49","28/02/26","60.000,00","NO ESPECIFICADO","HISTORICO","FACTURA NORMAL"
"TR-2545-140726","2545","54","14/07/26","300.000,00","NO ESPECIFICADO","HISTORICO","FACTURA NORMAL"
"TR-2545-090626","2545","53","09/06/26","300.000,00","NO ESPECIFICADO","HISTORICO","FACTURA NORMAL"
"TR-2545-140526","2545","52","14/05/26","300.000,00","NO ESPECIFICADO","HISTORICO","FACTURA NORMAL"
"TR-2545-090426","2545","51","09/04/26","300.000,00","NO ESPECIFICADO","HISTORICO","FACTURA NORMAL"
"TR-2545-030326","2545","50","03/03/26","300.000,00","NO ESPECIFICADO","HISTORICO","FACTURA NORMAL"
"TR-2545-060226","2545","49","06/02/26","300.000,00","NO ESPECIFICADO","HISTORICO","FACTURA NORMAL"
"TR-2548-200726","2548","54","20/07/26","60.000,00","NO ESPECIFICADO","HISTORICO","FACTURA NORMAL"
"TR-2548-220626","2548","53","22/06/26","60.000,00","NO ESPECIFICADO","HISTORICO","FACTURA NORMAL"
"TR-2548-190526","2548","52","19/05/26","60.000,00","NO ESPECIFICADO","HISTORICO","FACTURA NORMAL"
"TR-2548-200426","2548","51","20/04/26","60.000,00","NO ESPECIFICADO","HISTORICO","FACTURA NORMAL"
"TR-2548-170326","2548","50","17/03/26","60.000,00","NO ESPECIFICADO","HISTORICO","FACTURA NORMAL"
"TR-2548-180226","2548","49","18/02/26","60.000,00","NO ESPECIFICADO","HISTORICO","FACTURA NORMAL"
"TR-2549-080726","2549","54","08/07/26","60.000,00","NO ESPECIFICADO","HISTORICO","FACTURA NORMAL"
"TR-2549-040626","2549","53","04/06/26","60.000,00","NO ESPECIFICADO","HISTORICO","FACTURA NORMAL"
"TR-2549-120526","2549","52","12/05/26","60.000,00","NO ESPECIFICADO","HISTORICO","FACTURA NORMAL"
"TR-2549-140426","2549","51","14/04/26","60.000,00","NO ESPECIFICADO","HISTORICO","FACTURA NORMAL"
"TR-2549-110326","2549","50","11/03/26","60.000,00","NO ESPECIFICADO","HISTORICO","FACTURA NORMAL"
"TR-2549-120226","2549","49","12/02/26","60.000,00","NO ESPECIFICADO","HISTORICO","FACTURA NORMAL"
"TR-2556-200726","2556","54","20/07/26","60.000,00","NO ESPECIFICADO","HISTORICO","FACTURA NORMAL"
"TR-2556-220326","2556","53","22/03/26","60.000,00","NO ESPECIFICADO","HISTORICO","FACTURA NORMAL"
"TR-2556-220526","2556","52","22/05/26","60.000,00","NO ESPECIFICADO","HISTORICO","FACTURA NORMAL"
"TR-2556-200426","2556","51","20/04/26","60.000,00","NO ESPECIFICADO","HISTORICO","FACTURA NORMAL"
"TR-2556-200326","2556","50","20/03/26","60.000,00","NO ESPECIFICADO","HISTORICO","FACTURA NORMAL"
"TR-2556-200226","2556","49","20/02/26","60.000,00","NO ESPECIFICADO","HISTORICO","FACTURA NORMAL"
"TR-2578-310726","2578","53","31/07/26","60.000,00","NO ESPECIFICADO","HISTORICO","FACTURA NORMAL"
"TR-2578-300626","2578","52","30/06/26","60.000,00","NO ESPECIFICADO","HISTORICO","FACTURA NORMAL"
"TR-2578-300526","2578","51","30/05/26","60.000,00","NO ESPECIFICADO","HISTORICO","FACTURA NORMAL"
"TR-2578-300426","2578","50","30/04/26","60.000,00","NO ESPECIFICADO","HISTORICO","FACTURA NORMAL"
"TR-2578-310326","2578","49","31/03/26","60.000,00","NO ESPECIFICADO","HISTORICO","FACTURA NORMAL"
"TR-2578-280226","2578","48","28/02/26","60.000,00","NO ESPECIFICADO","HISTORICO","FACTURA NORMAL"
"TR-2580-200726","2580","53","20/07/26","60.000,00","NO ESPECIFICADO","HISTORICO","FACTURA NORMAL"
"TR-2580-220626","2580","52","22/06/26","60.000,00","NO ESPECIFICADO","HISTORICO","FACTURA NORMAL"
"TR-2580-200526","2580","51","20/05/26","60.000,00","NO ESPECIFICADO","HISTORICO","FACTURA NORMAL"
"TR-2580-210426","2580","50","21/04/26","60.000,00","NO ESPECIFICADO","HISTORICO","FACTURA NORMAL"
"TR-2580-160326","2580","49","16/03/26","60.000,00","NO ESPECIFICADO","HISTORICO","FACTURA NORMAL"
"TR-2580-210226","2580","48","21/02/26","60.000,00","NO ESPECIFICADO","HISTORICO","FACTURA NORMAL"
"TR-2583-020726","2583","53","02/07/26","60.000,00","NO ESPECIFICADO","HISTORICO","FACTURA NORMAL"
"TR-2583-050626","2583","52","05/06/26","60.000,00","NO ESPECIFICADO","HISTORICO","FACTURA NORMAL"
"TR-2583-060526","2583","51","06/05/26","60.000,00","NO ESPECIFICADO","HISTORICO","FACTURA NORMAL"
"TR-2583-010426","2583","50","01/04/26","60.000,00","NO ESPECIFICADO","HISTORICO","FACTURA NORMAL"
"TR-2583-020326","2583","49","02/03/26","60.000,00","NO ESPECIFICADO","HISTORICO","FACTURA NORMAL"
"TR-2583-200226","2583","48","20/02/26","60.000,00","NO ESPECIFICADO","HISTORICO","FACTURA NORMAL"
"TR-2585-290726","2585","53","29/07/26","60.000,00","NO ESPECIFICADO","HISTORICO","FACTURA NORMAL"
"TR-2585-290626","2585","52","29/06/26","60.000,00","NO ESPECIFICADO","HISTORICO","FACTURA NORMAL"
"TR-2585-290526","2585","51","29/05/26","60.000,00","NO ESPECIFICADO","HISTORICO","FACTURA NORMAL"
"TR-2585-290426","2585","50","29/04/26","60.000,00","NO ESPECIFICADO","HISTORICO","FACTURA NORMAL"
"TR-2585-300326","2585","49","30/03/26","60.000,00","NO ESPECIFICADO","HISTORICO","FACTURA NORMAL"
"TR-2585-270226","2585","48","27/02/26","60.000,00","NO ESPECIFICADO","HISTORICO","FACTURA NORMAL"
"TR-2615-150726","2615","52","15/07/26","60.000,00","NO ESPECIFICADO","HISTORICO","FACTURA NORMAL"
"TR-2615-170626","2615","51","17/06/26","60.000,00","NO ESPECIFICADO","HISTORICO","FACTURA NORMAL"
"TR-2615-110526","2615","50","11/05/26","60.000,00","NO ESPECIFICADO","HISTORICO","FACTURA NORMAL"
"TR-2615-140426","2615","49","14/04/26","60.000,00","NO ESPECIFICADO","HISTORICO","FACTURA NORMAL"
"TR-2615-120326","2615","48","12/03/26","60.000,00","NO ESPECIFICADO","HISTORICO","FACTURA NORMAL"
"TR-2615-090226","2615","47","09/02/26","60.000,00","NO ESPECIFICADO","HISTORICO","FACTURA NORMAL"
"TR-2616-100726","2616","51","10/07/26","60.000,00","NO ESPECIFICADO","HISTORICO","FACTURA NORMAL"
"TR-2616-100626","2616","50","10/06/26","60.000,00","NO ESPECIFICADO","HISTORICO","FACTURA NORMAL"
"TR-2616-120526","2616","49","12/05/26","60.000,00","NO ESPECIFICADO","HISTORICO","FACTURA NORMAL"
"TR-2616-080426","2616","48","08/04/26","60.000,00","NO ESPECIFICADO","HISTORICO","FACTURA NORMAL"
"TR-2616-110326","2616","47","11/03/26","60.000,00","NO ESPECIFICADO","HISTORICO","FACTURA NORMAL"
"TR-2616-090226","2616","46","09/02/26","60.000,00","NO ESPECIFICADO","HISTORICO","FACTURA NORMAL"
"TR-2622-240726","2622","51","24/07/26","60.000,00","NO ESPECIFICADO","HISTORICO","FACTURA NORMAL"
"TR-2622-200426","2622","50","20/04/26","60.000,00","NO ESPECIFICADO","HISTORICO","FACTURA NORMAL"
"TR-2622-200326","2622","49","20/03/26","60.000,00","NO ESPECIFICADO","HISTORICO","FACTURA NORMAL"
"TR-2622-180226","2622","48","18/02/26","60.000,00","NO ESPECIFICADO","HISTORICO","FACTURA NORMAL"
"TR-2622-130126","2622","47","13/01/26","60.000,00","NO ESPECIFICADO","HISTORICO","FACTURA NORMAL"
"TR-2622-151225","2622","46","15/12/25","60.000,00","NO ESPECIFICADO","HISTORICO","FACTURA NORMAL"
"TR-2714-100726","2714","48","10/07/26","80.000,00","NO ESPECIFICADO","HISTORICO","FACTURA NORMAL"
"TR-2714-080626","2714","47","08/06/26","80.000,00","NO ESPECIFICADO","HISTORICO","FACTURA NORMAL"
"TR-2714-110526","2714","46","11/05/26","80.000,00","NO ESPECIFICADO","HISTORICO","FACTURA NORMAL"
"TR-2714-060426","2714","45","06/04/26","80.000,00","NO ESPECIFICADO","HISTORICO","FACTURA NORMAL"
"TR-2714-020326","2714","44","02/03/26","80.000,00","NO ESPECIFICADO","HISTORICO","FACTURA NORMAL"
"TR-2714-030226","2714","43","03/02/26","80.000,00","NO ESPECIFICADO","HISTORICO","FACTURA NORMAL"
"TR-2717-300626","2717","48","30/06/26","70.000,00","NO ESPECIFICADO","HISTORICO","FACTURA NORMAL"
"TR-2717-300526","2717","47","30/05/26","70.000,00","NO ESPECIFICADO","HISTORICO","FACTURA NORMAL"
"TR-2717-300426","2717","46","30/04/26","70.000,00","NO ESPECIFICADO","HISTORICO","FACTURA NORMAL"
"TR-2717-040326","2717","45","04/03/26","70.000,00","NO ESPECIFICADO","HISTORICO","FACTURA NORMAL"
"TR-2717-050226","2717","44","05/02/26","70.000,00","NO ESPECIFICADO","HISTORICO","FACTURA NORMAL"
"TR-2717-311225","2717","43","31/12/25","70.000,00","NO ESPECIFICADO","HISTORICO","FACTURA NORMAL"
"TR-2727-300726","2727","48","30/07/26","70.000,00","NO ESPECIFICADO","HISTORICO","FACTURA NORMAL"
"TR-2727-300626","2727","47","30/06/26","70.000,00","NO ESPECIFICADO","HISTORICO","FACTURA NORMAL"
"TR-2727-280526","2727","46","28/05/26","70.000,00","NO ESPECIFICADO","HISTORICO","FACTURA NORMAL"
"TR-2727-300426","2727","45","30/04/26","70.000,00","NO ESPECIFICADO","HISTORICO","FACTURA NORMAL"
"TR-2727-310326","2727","44","31/03/26","70.000,00","NO ESPECIFICADO","HISTORICO","FACTURA NORMAL"
"TR-2727-260226","2727","43","26/02/26","70.000,00","NO ESPECIFICADO","HISTORICO","FACTURA NORMAL"
"TR-2744-150726","2744","47","15/07/26","60.000,00","NO ESPECIFICADO","HISTORICO","FACTURA NORMAL"
"TR-2744-120626","2744","46","12/06/26","60.000,00","NO ESPECIFICADO","HISTORICO","FACTURA NORMAL"
"TR-2744-150526","2744","45","15/05/26","60.000,00","NO ESPECIFICADO","HISTORICO","FACTURA NORMAL"
"TR-2744-160426","2744","44","16/04/26","60.000,00","NO ESPECIFICADO","HISTORICO","FACTURA NORMAL"
"TR-2744-130326","2744","43","13/03/26","60.000,00","NO ESPECIFICADO","HISTORICO","FACTURA NORMAL"
"TR-2744-130226","2744","42","13/02/26","60.000,00","NO ESPECIFICADO","HISTORICO","FACTURA NORMAL"
"TR-2747-080726","2747","47","08/07/26","99.999,00","NO ESPECIFICADO","HISTORICO","FACTURA NORMAL"
"TR-2747-030626","2747","46","03/06/26","99.999,00","NO ESPECIFICADO","HISTORICO","FACTURA NORMAL"
"TR-2747-070526","2747","45","07/05/26","99.999,00","NO ESPECIFICADO","HISTORICO","FACTURA NORMAL"
"TR-2747-100426","2747","44","10/04/26","99.999,00","NO ESPECIFICADO","HISTORICO","FACTURA NORMAL"
"TR-2747-050326","2747","43","05/03/26","99.999,00","NO ESPECIFICADO","HISTORICO","FACTURA NORMAL"
"TR-2747-040226","2747","42","04/02/26","99.999,00","NO ESPECIFICADO","HISTORICO","FACTURA NORMAL"
"TR-2755-020726","2755","47","02/07/26","60.000,00","NO ESPECIFICADO","HISTORICO","FACTURA NORMAL"
"TR-2755-010626","2755","46","01/06/26","60.000,00","NO ESPECIFICADO","HISTORICO","FACTURA NORMAL"
"TR-2755-040526","2755","45","04/05/26","60.000,00","NO ESPECIFICADO","HISTORICO","FACTURA NORMAL"
"TR-2755-090426","2755","44","09/04/26","60.000,00","NO ESPECIFICADO","HISTORICO","FACTURA NORMAL"
"TR-2755-070326","2755","43","07/03/26","60.000,00","NO ESPECIFICADO","HISTORICO","FACTURA NORMAL"
"TR-2755-030226","2755","42","03/02/26","60.000,00","NO ESPECIFICADO","HISTORICO","FACTURA NORMAL"
"TR-2760-100726","2760","47","10/07/26","60.000,00","NO ESPECIFICADO","HISTORICO","FACTURA NORMAL"
"TR-2760-100626","2760","46","10/06/26","60.000,00","NO ESPECIFICADO","HISTORICO","FACTURA NORMAL"
"TR-2760-130526","2760","45","13/05/26","60.000,00","NO ESPECIFICADO","HISTORICO","FACTURA NORMAL"
"TR-2760-130426","2760","44","13/04/26","60.000,00","NO ESPECIFICADO","HISTORICO","FACTURA NORMAL"
"TR-2760-090326","2760","43","09/03/26","60.000,00","NO ESPECIFICADO","HISTORICO","FACTURA NORMAL"
"TR-2760-110226","2760","42","11/02/26","60.000,00","NO ESPECIFICADO","HISTORICO","FACTURA NORMAL"
"TR-2802-160726","2802","45","16/07/26","60.000,00","NO ESPECIFICADO","HISTORICO","FACTURA NORMAL"
"TR-2802-120626","2802","44","12/06/26","60.000,00","NO ESPECIFICADO","HISTORICO","FACTURA NORMAL"
"TR-2802-140526","2802","43","14/05/26","60.000,00","NO ESPECIFICADO","HISTORICO","FACTURA NORMAL"
"TR-2802-170426","2802","42","17/04/26","60.000,00","NO ESPECIFICADO","HISTORICO","FACTURA NORMAL"
"TR-2802-110326","2802","41","11/03/26","60.000,00","NO ESPECIFICADO","HISTORICO","FACTURA NORMAL"
"TR-2802-180226","2802","40","18/02/26","60.000,00","NO ESPECIFICADO","HISTORICO","FACTURA NORMAL"
"TR-2816-310726","2816","44","31/07/26","60.000,00","NO ESPECIFICADO","HISTORICO","FACTURA NORMAL"
"TR-2816-290626","2816","43","29/06/26","60.000,00","NO ESPECIFICADO","HISTORICO","FACTURA NORMAL"
"TR-2816-280526","2816","42","28/05/26","60.000,00","NO ESPECIFICADO","HISTORICO","FACTURA NORMAL"
"TR-2816-270426","2816","41","27/04/26","60.000,00","NO ESPECIFICADO","HISTORICO","FACTURA NORMAL"
"TR-2816-270326","2816","40","27/03/26","60.000,00","NO ESPECIFICADO","HISTORICO","FACTURA NORMAL"
"TR-2816-280226","2816","39","28/02/26","60.000,00","NO ESPECIFICADO","HISTORICO","FACTURA NORMAL"
"TR-2836-150726","2836","43","15/07/26","55.000,00","NO ESPECIFICADO","HISTORICO","FACTURA NORMAL"
"TR-2836-260626","2836","42","26/06/26","55.000,00","NO ESPECIFICADO","HISTORICO","FACTURA NORMAL"
"TR-2836-150526","2836","41","15/05/26","55.000,00","NO ESPECIFICADO","HISTORICO","FACTURA NORMAL"
"TR-2836-130426","2836","40","13/04/26","55.000,00","NO ESPECIFICADO","HISTORICO","FACTURA NORMAL"
"TR-2836-120326","2836","39","12/03/26","55.000,00","NO ESPECIFICADO","HISTORICO","FACTURA NORMAL"
"TR-2836-110226","2836","38","11/02/26","55.000,00","NO ESPECIFICADO","HISTORICO","FACTURA NORMAL"
"TR-2853-270726","2853","42","27/07/26","45.000,00","NO ESPECIFICADO","HISTORICO","FACTURA NORMAL"
"TR-2853-250626","2853","41","25/06/26","45.000,00","NO ESPECIFICADO","HISTORICO","FACTURA NORMAL"
"TR-2853-260526","2853","40","26/05/26","45.000,00","NO ESPECIFICADO","HISTORICO","FACTURA NORMAL"
"TR-2853-270426","2853","39","27/04/26","45.000,00","NO ESPECIFICADO","HISTORICO","FACTURA NORMAL"
"TR-2853-250326","2853","38","25/03/26","45.000,00","NO ESPECIFICADO","HISTORICO","FACTURA NORMAL"
"TR-2853-240226","2853","37","24/02/26","45.000,00","NO ESPECIFICADO","HISTORICO","FACTURA NORMAL"
"TR-2872-170726","2872","41","17/07/26","55.000,00","NO ESPECIFICADO","HISTORICO","FACTURA NORMAL"
"TR-2872-170626","2872","40","17/06/26","55.000,00","NO ESPECIFICADO","HISTORICO","FACTURA NORMAL"
"TR-2872-150526","2872","39","15/05/26","55.000,00","NO ESPECIFICADO","HISTORICO","FACTURA NORMAL"
"TR-2872-300426","2872","38","30/04/26","55.000,00","NO ESPECIFICADO","HISTORICO","FACTURA NORMAL"
"TR-2872-130326","2872","37","13/03/26","55.000,00","NO ESPECIFICADO","HISTORICO","FACTURA NORMAL"
"TR-2872-200226","2872","36","20/02/26","55.000,00","NO ESPECIFICADO","HISTORICO","FACTURA NORMAL"
"TR-2877-310726","2877","41","31/07/26","40.000,00","NO ESPECIFICADO","HISTORICO","FACTURA NORMAL"
"TR-2877-290626","2877","40","29/06/26","40.000,00","NO ESPECIFICADO","HISTORICO","FACTURA NORMAL"
"TR-2877-290526","2877","39","29/05/26","40.000,00","NO ESPECIFICADO","HISTORICO","FACTURA NORMAL"
"TR-2877-300426","2877","38","30/04/26","40.000,00","NO ESPECIFICADO","HISTORICO","FACTURA NORMAL"
"TR-2877-250326","2877","37","25/03/26","40.000,00","NO ESPECIFICADO","HISTORICO","FACTURA NORMAL"
"TR-2877-230226","2877","36","23/02/26","40.000,00","NO ESPECIFICADO","HISTORICO","FACTURA NORMAL"
"TR-2890-310726","2890","41","31/07/26","90.000,00","NO ESPECIFICADO","HISTORICO","FACTURA NORMAL"
"TR-2890-300626","2890","40","30/06/26","90.000,00","NO ESPECIFICADO","HISTORICO","FACTURA NORMAL"
"TR-2890-300526","2890","39","30/05/26","90.000,00","NO ESPECIFICADO","HISTORICO","FACTURA NORMAL"
"TR-2890-300426","2890","38","30/04/26","90.000,00","NO ESPECIFICADO","HISTORICO","FACTURA NORMAL"
"TR-2890-270326","2890","37","27/03/26","90.000,00","NO ESPECIFICADO","HISTORICO","FACTURA NORMAL"
"TR-2890-280726","2890","36","28/07/26","90.000,00","NO ESPECIFICADO","HISTORICO","FACTURA NORMAL"
"TR-2892-220726","2892","41","22/07/26","80.000,00","NO ESPECIFICADO","HISTORICO","FACTURA NORMAL"
"TR-2892-170626","2892","40","17/06/26","80.000,00","NO ESPECIFICADO","HISTORICO","FACTURA NORMAL"
"TR-2892-150526","2892","39","15/05/26","80.000,00","NO ESPECIFICADO","HISTORICO","FACTURA NORMAL"
"TR-2892-150426","2892","38","15/04/26","80.000,00","NO ESPECIFICADO","HISTORICO","FACTURA NORMAL"
"TR-2892-130326","2892","37","13/03/26","80.000,00","NO ESPECIFICADO","HISTORICO","FACTURA NORMAL"
"TR-2892-180226","2892","36","18/02/26","80.000,00","NO ESPECIFICADO","HISTORICO","FACTURA NORMAL"
"TR-2897-150726","2897","41","15/07/26","80.000,00","NO ESPECIFICADO","HISTORICO","FACTURA NORMAL"
"TR-2897-120626","2897","40","12/06/26","80.000,00","NO ESPECIFICADO","HISTORICO","FACTURA NORMAL"
"TR-2897-140526","2897","39","14/05/26","80.000,00","NO ESPECIFICADO","HISTORICO","FACTURA NORMAL"
"TR-2897-150426","2897","38","15/04/26","80.000,00","NO ESPECIFICADO","HISTORICO","FACTURA NORMAL"
"TR-2897-070326","2897","37","07/03/26","80.000,00","NO ESPECIFICADO","HISTORICO","FACTURA NORMAL"
"TR-2897-220126","2897","36","22/01/26","80.000,00","NO ESPECIFICADO","HISTORICO","FACTURA NORMAL"
"TR-2948-100726","2948","39","10/07/26","120.000,00","NO ESPECIFICADO","HISTORICO","FACTURA NORMAL"
"TR-2948-100626","2948","38","10/06/26","120.000,00","NO ESPECIFICADO","HISTORICO","FACTURA NORMAL"
"TR-2948-110526","2948","37","11/05/26","120.000,00","NO ESPECIFICADO","HISTORICO","FACTURA NORMAL"
"TR-2948-130426","2948","36","13/04/26","120.000,00","NO ESPECIFICADO","HISTORICO","FACTURA NORMAL"
"TR-2948-100326","2948","35","10/03/26","120.000,00","NO ESPECIFICADO","HISTORICO","FACTURA NORMAL"
"TR-2948-100226","2948","34","10/02/26","120.000,00","NO ESPECIFICADO","HISTORICO","FACTURA NORMAL"
"TR-2960-090726","2960","39","09/07/26","30.000,00","NO ESPECIFICADO","HISTORICO","FACTURA NORMAL"
"TR-2960-220626","2960","38","22/06/26","30.000,00","NO ESPECIFICADO","HISTORICO","FACTURA NORMAL"
"TR-2960-130526","2960","37","13/05/26","30.000,00","NO ESPECIFICADO","HISTORICO","FACTURA NORMAL"
"TR-2960-130426","2960","36","13/04/26","30.000,00","NO ESPECIFICADO","HISTORICO","FACTURA NORMAL"
"TR-2960-100326","2960","35","10/03/26","30.000,00","NO ESPECIFICADO","HISTORICO","FACTURA NORMAL"
"TR-2960-100226","2960","34","10/02/26","30.000,00","NO ESPECIFICADO","HISTORICO","FACTURA NORMAL"
"TR-2964-060726","2964","39","06/07/26","99.999,00","NO ESPECIFICADO","HISTORICO","FACTURA NORMAL"
"TR-2964-080626","2964","38","08/06/26","99.999,00","NO ESPECIFICADO","HISTORICO","FACTURA NORMAL"
"TR-2964-050526","2964","37","05/05/26","99.999,00","NO ESPECIFICADO","HISTORICO","FACTURA NORMAL"
"TR-2964-090426","2964","36","09/04/26","99.999,00","NO ESPECIFICADO","HISTORICO","FACTURA NORMAL"
"TR-2964-030326","2964","35","03/03/26","99.999,00","NO ESPECIFICADO","HISTORICO","FACTURA NORMAL"
"TR-2964-030226","2964","34","03/02/26","99.999,00","NO ESPECIFICADO","HISTORICO","FACTURA NORMAL"
"TR-2980-060726","2980","39","06/07/26","65.000,00","NO ESPECIFICADO","HISTORICO","FACTURA NORMAL"
"TR-2980-050626","2980","38","05/06/26","65.000,00","NO ESPECIFICADO","HISTORICO","FACTURA NORMAL"
"TR-2980-080526","2980","37","08/05/26","65.000,00","NO ESPECIFICADO","HISTORICO","FACTURA NORMAL"
"TR-2980-070426","2980","36","07/04/26","65.000,00","NO ESPECIFICADO","HISTORICO","FACTURA NORMAL"
"TR-2980-050326","2980","35","05/03/26","65.000,00","NO ESPECIFICADO","HISTORICO","FACTURA NORMAL"
"TR-2980-050226","2980","34","05/02/26","65.000,00","NO ESPECIFICADO","HISTORICO","FACTURA NORMAL"
"TR-2992-080726","2992","38","08/07/26","36.000,00","NO ESPECIFICADO","HISTORICO","FACTURA NORMAL"
"TR-2992-090626","2992","37","09/06/26","36.000,00","NO ESPECIFICADO","HISTORICO","FACTURA NORMAL"
"TR-2992-110526","2992","36","11/05/26","36.000,00","NO ESPECIFICADO","HISTORICO","FACTURA NORMAL"
"TR-2992-100426","2992","35","10/04/26","36.000,00","NO ESPECIFICADO","HISTORICO","FACTURA NORMAL"
"TR-2992-020326","2992","34","02/03/26","36.000,00","NO ESPECIFICADO","HISTORICO","FACTURA NORMAL"
"TR-2992-030226","2992","33","03/02/26","36.000,00","NO ESPECIFICADO","HISTORICO","FACTURA NORMAL"
"TR-2998-100726","2998","38","10/07/26","65.000,00","NO ESPECIFICADO","HISTORICO","FACTURA NORMAL"
"TR-2998-040626","2998","37","04/06/26","65.000,00","NO ESPECIFICADO","HISTORICO","FACTURA NORMAL"
"TR-2998-110526","2998","36","11/05/26","65.000,00","NO ESPECIFICADO","HISTORICO","FACTURA NORMAL"
"TR-2998-100426","2998","35","10/04/26","65.000,00","NO ESPECIFICADO","HISTORICO","FACTURA NORMAL"
"TR-2998-090326","2998","34","09/03/26","65.000,00","NO ESPECIFICADO","HISTORICO","FACTURA NORMAL"
"TR-2998-090226","2998","33","09/02/26","65.000,00","NO ESPECIFICADO","HISTORICO","FACTURA NORMAL"
"TR-3011-150726","3011","37","15/07/26","60.000,00","NO ESPECIFICADO","HISTORICO","FACTURA NORMAL"
"TR-3011-290626","3011","36","29/06/26","60.000,00","NO ESPECIFICADO","HISTORICO","FACTURA NORMAL"
"TR-3011-300526","3011","35","30/05/26","60.000,00","NO ESPECIFICADO","HISTORICO","FACTURA NORMAL"
"TR-3011-300426","3011","34","30/04/26","60.000,00","NO ESPECIFICADO","HISTORICO","FACTURA NORMAL"
"TR-3011-110326","3011","33","11/03/26","60.000,00","NO ESPECIFICADO","HISTORICO","FACTURA NORMAL"
"TR-3011-100226","3011","32","10/02/26","60.000,00","NO ESPECIFICADO","HISTORICO","FACTURA NORMAL"
"TR-3013-210726","3013","37","21/07/26","75.000,00","NO ESPECIFICADO","HISTORICO","FACTURA NORMAL"
"TR-3013-190626","3013","36","19/06/26","75.000,00","NO ESPECIFICADO","HISTORICO","FACTURA NORMAL"
"TR-3013-200526","3013","35","20/05/26","75.000,00","NO ESPECIFICADO","HISTORICO","FACTURA NORMAL"
"TR-3013-200426","3013","34","20/04/26","75.000,00","NO ESPECIFICADO","HISTORICO","FACTURA NORMAL"
"TR-3013-200326","3013","33","20/03/26","75.000,00","NO ESPECIFICADO","HISTORICO","FACTURA NORMAL"
"TR-3013-230226","3013","32","23/02/26","75.000,00","NO ESPECIFICADO","HISTORICO","FACTURA NORMAL"
"TR-3027-130726","3027","36","13/07/26","60.000,00","NO ESPECIFICADO","HISTORICO","FACTURA NORMAL"
"TR-3027-160626","3027","35","16/06/26","60.000,00","NO ESPECIFICADO","HISTORICO","FACTURA NORMAL"
"TR-3027-110526","3027","34","11/05/26","60.000,00","NO ESPECIFICADO","HISTORICO","FACTURA NORMAL"
"TR-3027-280426","3027","33","28/04/26","60.000,00","NO ESPECIFICADO","HISTORICO","FACTURA NORMAL"
"TR-3027-130326","3027","32","13/03/26","60.000,00","NO ESPECIFICADO","HISTORICO","FACTURA NORMAL"
"TR-3027-100226","3027","31","10/02/26","60.000,00","NO ESPECIFICADO","HISTORICO","FACTURA NORMAL"
"TR-3031-100726","3031","36","10/07/26","75.000,00","NO ESPECIFICADO","HISTORICO","FACTURA NORMAL"
"TR-3031-100626","3031","35","10/06/26","75.000,00","NO ESPECIFICADO","HISTORICO","FACTURA NORMAL"
"TR-3031-080526","3031","34","08/05/26","75.000,00","NO ESPECIFICADO","HISTORICO","FACTURA NORMAL"
"TR-3031-100426","3031","33","10/04/26","75.000,00","NO ESPECIFICADO","HISTORICO","FACTURA NORMAL"
"TR-3031-100326","3031","32","10/03/26","75.000,00","NO ESPECIFICADO","HISTORICO","FACTURA NORMAL"
"TR-3031-100226","3031","31","10/02/26","75.000,00","NO ESPECIFICADO","HISTORICO","FACTURA NORMAL"
"TR-3036-310726","3036","36","31/07/26","100.000,00","NO ESPECIFICADO","HISTORICO","FACTURA NORMAL"
"TR-3036-300626","3036","35","30/06/26","100.000,00","NO ESPECIFICADO","HISTORICO","FACTURA NORMAL"
"TR-3036-300526","3036","34","30/05/26","100.000,00","NO ESPECIFICADO","HISTORICO","FACTURA NORMAL"
"TR-3036-300426","3036","33","30/04/26","100.000,00","NO ESPECIFICADO","HISTORICO","FACTURA NORMAL"
"TR-3036-310326","3036","32","31/03/26","100.000,00","NO ESPECIFICADO","HISTORICO","FACTURA NORMAL"
"TR-3036-270226","3036","31","27/02/26","100.000,00","NO ESPECIFICADO","HISTORICO","FACTURA NORMAL"
"TR-3044-100726","3044","36","10/07/26","65.000,00","NO ESPECIFICADO","HISTORICO","FACTURA NORMAL"
"TR-3044-110626","3044","35","11/06/26","65.000,00","NO ESPECIFICADO","HISTORICO","FACTURA NORMAL"
"TR-3044-120526","3044","34","12/05/26","65.000,00","NO ESPECIFICADO","HISTORICO","FACTURA NORMAL"
"TR-3044-100426","3044","33","10/04/26","65.000,00","NO ESPECIFICADO","HISTORICO","FACTURA NORMAL"
"TR-3044-050326","3044","32","05/03/26","65.000,00","NO ESPECIFICADO","HISTORICO","FACTURA NORMAL"
"TR-3044-030226","3044","31","03/02/26","65.000,00","NO ESPECIFICADO","HISTORICO","FACTURA NORMAL"
"TR-3047-060726","3047","36","06/07/26","60.000,00","NO ESPECIFICADO","HISTORICO","FACTURA NORMAL"
"TR-3047-050626","3047","35","05/06/26","60.000,00","NO ESPECIFICADO","HISTORICO","FACTURA NORMAL"
"TR-3047-110526","3047","34","11/05/26","60.000,00","NO ESPECIFICADO","HISTORICO","FACTURA NORMAL"
"TR-3047-070426","3047","33","07/04/26","60.000,00","NO ESPECIFICADO","HISTORICO","FACTURA NORMAL"
"TR-3047-040326","3047","32","04/03/26","60.000,00","NO ESPECIFICADO","HISTORICO","FACTURA NORMAL"
"TR-3047-050226","3047","31","05/02/26","60.000,00","NO ESPECIFICADO","HISTORICO","FACTURA NORMAL"
"TR-3062-080726","3062","35","08/07/26","60.000,00","NO ESPECIFICADO","HISTORICO","FACTURA NORMAL"
"TR-3062-080626","3062","34","08/06/26","60.000,00","NO ESPECIFICADO","HISTORICO","FACTURA NORMAL"
"TR-3062-110526","3062","33","11/05/26","60.000,00","NO ESPECIFICADO","HISTORICO","FACTURA NORMAL"
"TR-3062-060426","3062","32","06/04/26","60.000,00","NO ESPECIFICADO","HISTORICO","FACTURA NORMAL"
"TR-3062-130326","3062","31","13/03/26","60.000,00","NO ESPECIFICADO","HISTORICO","FACTURA NORMAL"
"TR-3062-130226","3062","30","13/02/26","60.000,00","NO ESPECIFICADO","HISTORICO","FACTURA NORMAL"
"TR-3080-010726","3080","35","01/07/26","60.000,00","NO ESPECIFICADO","HISTORICO","FACTURA NORMAL"
"TR-3080-300526","3080","34","30/05/26","60.000,00","NO ESPECIFICADO","HISTORICO","FACTURA NORMAL"
"TR-3080-300426","3080","33","30/04/26","60.000,00","NO ESPECIFICADO","HISTORICO","FACTURA NORMAL"
"TR-3080-310326","3080","32","31/03/26","60.000,00","NO ESPECIFICADO","HISTORICO","FACTURA NORMAL"
"TR-3080-280226","3080","31","28/02/26","60.000,00","NO ESPECIFICADO","HISTORICO","FACTURA NORMAL"
"TR-3080-310126","3080","30","31/01/26","60.000,00","NO ESPECIFICADO","HISTORICO","FACTURA NORMAL"
"TR-3083-160726","3083","35","16/07/26","30.000,00","NO ESPECIFICADO","HISTORICO","FACTURA NORMAL"
"TR-3083-230626","3083","34","23/06/26","30.000,00","NO ESPECIFICADO","HISTORICO","FACTURA NORMAL"
"TR-3083-150526","3083","33","15/05/26","30.000,00","NO ESPECIFICADO","HISTORICO","FACTURA NORMAL"
"TR-3083-200426","3083","32","20/04/26","30.000,00","NO ESPECIFICADO","HISTORICO","FACTURA NORMAL"
"TR-3083-100326","3083","31","10/03/26","30.000,00","NO ESPECIFICADO","HISTORICO","FACTURA NORMAL"
"TR-3083-140226","3083","30","14/02/26","30.000,00","NO ESPECIFICADO","HISTORICO","FACTURA NORMAL"
"TR-3084-100726","3084","35","10/07/26","60.000,00","NO ESPECIFICADO","HISTORICO","FACTURA NORMAL"
"TR-3084-100626","3084","34","10/06/26","60.000,00","NO ESPECIFICADO","HISTORICO","FACTURA NORMAL"
"TR-3084-110526","3084","33","11/05/26","60.000,00","NO ESPECIFICADO","HISTORICO","FACTURA NORMAL"
"TR-3084-140426","3084","32","14/04/26","60.000,00","NO ESPECIFICADO","HISTORICO","FACTURA NORMAL"
"TR-3084-100326","3084","31","10/03/26","60.000,00","NO ESPECIFICADO","HISTORICO","FACTURA NORMAL"
"TR-3084-100226","3084","30","10/02/26","60.000,00","NO ESPECIFICADO","HISTORICO","FACTURA NORMAL"
"TR-3088-100726","3088","35","10/07/26","50.000,00","NO ESPECIFICADO","HISTORICO","FACTURA NORMAL"
"TR-3088-040626","3088","34","04/06/26","50.000,00","NO ESPECIFICADO","HISTORICO","FACTURA NORMAL"
"TR-3088-190526","3088","33","19/05/26","50.000,00","NO ESPECIFICADO","HISTORICO","FACTURA NORMAL"
"TR-3088-240426","3088","32","24/04/26","50.000,00","NO ESPECIFICADO","HISTORICO","FACTURA NORMAL"
"TR-3088-110326","3088","31","11/03/26","50.000,00","NO ESPECIFICADO","HISTORICO","FACTURA NORMAL"
"TR-3088-100226","3088","30","10/02/26","50.000,00","NO ESPECIFICADO","HISTORICO","FACTURA NORMAL"
"TR-3100-170726","3100","35","17/07/26","30.000,00","NO ESPECIFICADO","HISTORICO","FACTURA NORMAL"
"TR-3100-220626","3100","34","22/06/26","30.000,00","NO ESPECIFICADO","HISTORICO","FACTURA NORMAL"
"TR-3100-190526","3100","33","19/05/26","30.000,00","NO ESPECIFICADO","HISTORICO","FACTURA NORMAL"
"TR-3100-230426","3100","32","23/04/26","30.000,00","NO ESPECIFICADO","HISTORICO","FACTURA NORMAL"
"TR-3100-190326","3100","31","19/03/26","30.000,00","NO ESPECIFICADO","HISTORICO","FACTURA NORMAL"
"TR-3100-190226","3100","30","19/02/26","30.000,00","NO ESPECIFICADO","HISTORICO","FACTURA NORMAL"
"TR-3109-290726","3109","35","29/07/26","60.000,00","NO ESPECIFICADO","HISTORICO","FACTURA NORMAL"
"TR-3109-220626","3109","34","22/06/26","60.000,00","NO ESPECIFICADO","HISTORICO","FACTURA NORMAL"
"TR-3109-270526","3109","33","27/05/26","60.000,00","NO ESPECIFICADO","HISTORICO","FACTURA NORMAL"
"TR-3109-140426","3109","32","14/04/26","60.000,00","NO ESPECIFICADO","HISTORICO","FACTURA NORMAL"
"TR-3109-130326","3109","31","13/03/26","60.000,00","NO ESPECIFICADO","HISTORICO","FACTURA NORMAL"
"TR-3109-270226","3109","30","27/02/26","60.000,00","NO ESPECIFICADO","HISTORICO","FACTURA NORMAL"
"TR-3112-200726","3112","35","20/07/26","60.000,00","NO ESPECIFICADO","HISTORICO","FACTURA NORMAL"
"TR-3112-180626","3112","34","18/06/26","60.000,00","NO ESPECIFICADO","HISTORICO","FACTURA NORMAL"
"TR-3112-200526","3112","33","20/05/26","60.000,00","NO ESPECIFICADO","HISTORICO","FACTURA NORMAL"
"TR-3112-230426","3112","32","23/04/26","60.000,00","NO ESPECIFICADO","HISTORICO","FACTURA NORMAL"
"TR-3112-190326","3112","31","19/03/26","60.000,00","NO ESPECIFICADO","HISTORICO","FACTURA NORMAL"
"TR-3112-210226","3112","30","21/02/26","60.000,00","NO ESPECIFICADO","HISTORICO","FACTURA NORMAL"
"TR-3114-130726","3114","35","13/07/26","30.000,00","NO ESPECIFICADO","HISTORICO","FACTURA NORMAL"
"TR-3114-100626","3114","34","10/06/26","30.000,00","NO ESPECIFICADO","HISTORICO","FACTURA NORMAL"
"TR-3114-080526","3114","33","08/05/26","30.000,00","NO ESPECIFICADO","HISTORICO","FACTURA NORMAL"
"TR-3114-110426","3114","32","11/04/26","30.000,00","NO ESPECIFICADO","HISTORICO","FACTURA NORMAL"
"TR-3114-120326","3114","31","12/03/26","30.000,00","NO ESPECIFICADO","HISTORICO","FACTURA NORMAL"
"TR-3114-160226","3114","30","16/02/26","30.000,00","NO ESPECIFICADO","HISTORICO","FACTURA NORMAL"
"TR-3115-140726","3115","35","14/07/26","30.000,00","NO ESPECIFICADO","HISTORICO","FACTURA NORMAL"
"TR-3115-110626","3115","34","11/06/26","30.000,00","NO ESPECIFICADO","HISTORICO","FACTURA NORMAL"
"TR-3115-140526","3115","33","14/05/26","30.000,00","NO ESPECIFICADO","HISTORICO","FACTURA NORMAL"
"TR-3115-150426","3115","32","15/04/26","30.000,00","NO ESPECIFICADO","HISTORICO","FACTURA NORMAL"
"TR-3115-160326","3115","31","16/03/26","30.000,00","NO ESPECIFICADO","HISTORICO","FACTURA NORMAL"
"TR-3115-120226","3115","30","12/02/26","30.000,00","NO ESPECIFICADO","HISTORICO","FACTURA NORMAL"
"TR-3118-300626","3118","35","30/06/26","60.000,00","NO ESPECIFICADO","HISTORICO","FACTURA NORMAL"
"TR-3118-300526","3118","34","30/05/26","60.000,00","NO ESPECIFICADO","HISTORICO","FACTURA NORMAL"
"TR-3118-300426","3118","33","30/04/26","60.000,00","NO ESPECIFICADO","HISTORICO","FACTURA NORMAL"
"TR-3118-310326","3118","32","31/03/26","60.000,00","NO ESPECIFICADO","HISTORICO","FACTURA NORMAL"
"TR-3118-260226","3118","31","26/02/26","60.000,00","NO ESPECIFICADO","HISTORICO","FACTURA NORMAL"
"TR-3118-210126","3118","30","21/01/26","60.000,00","NO ESPECIFICADO","HISTORICO","FACTURA NORMAL"
"TR-3119-100726","3119","35","10/07/26","60.000,00","NO ESPECIFICADO","HISTORICO","FACTURA NORMAL"
"TR-3119-050626","3119","34","05/06/26","60.000,00","NO ESPECIFICADO","HISTORICO","FACTURA NORMAL"
"TR-3119-060526","3119","33","06/05/26","60.000,00","NO ESPECIFICADO","HISTORICO","FACTURA NORMAL"
"TR-3119-060426","3119","32","06/04/26","60.000,00","NO ESPECIFICADO","HISTORICO","FACTURA NORMAL"
"TR-3119-050326","3119","31","05/03/26","60.000,00","NO ESPECIFICADO","HISTORICO","FACTURA NORMAL"
"TR-3119-050226","3119","30","05/02/26","60.000,00","NO ESPECIFICADO","HISTORICO","FACTURA NORMAL"
"TR-3128-030726","3128","35","03/07/26","60.000,00","NO ESPECIFICADO","HISTORICO","FACTURA NORMAL"
"TR-3128-050626","3128","34","05/06/26","60.000,00","NO ESPECIFICADO","HISTORICO","FACTURA NORMAL"
"TR-3128-040526","3128","33","04/05/26","60.000,00","NO ESPECIFICADO","HISTORICO","FACTURA NORMAL"
"TR-3128-060426","3128","32","06/04/26","60.000,00","NO ESPECIFICADO","HISTORICO","FACTURA NORMAL"
"TR-3128-100326","3128","31","10/03/26","60.000,00","NO ESPECIFICADO","HISTORICO","FACTURA NORMAL"
"TR-3128-020226","3128","30","02/02/26","60.000,00","NO ESPECIFICADO","HISTORICO","FACTURA NORMAL"
"TR-3129-130726","3129","35","13/07/26","60.000,00","NO ESPECIFICADO","HISTORICO","FACTURA NORMAL"
"TR-3129-120626","3129","34","12/06/26","60.000,00","NO ESPECIFICADO","HISTORICO","FACTURA NORMAL"
"TR-3129-140526","3129","33","14/05/26","60.000,00","NO ESPECIFICADO","HISTORICO","FACTURA NORMAL"
"TR-3129-140426","3129","32","14/04/26","60.000,00","NO ESPECIFICADO","HISTORICO","FACTURA NORMAL"
"TR-3129-130326","3129","31","13/03/26","60.000,00","NO ESPECIFICADO","HISTORICO","FACTURA NORMAL"
"TR-3129-130226","3129","30","13/02/26","60.000,00","NO ESPECIFICADO","HISTORICO","FACTURA NORMAL"
"TR-3130-100726","3130","35","10/07/26","60.000,00","NO ESPECIFICADO","HISTORICO","FACTURA NORMAL"
"TR-3130-080626","3130","34","08/06/26","60.000,00","NO ESPECIFICADO","HISTORICO","FACTURA NORMAL"
"TR-3130-040526","3130","33","04/05/26","60.000,00","NO ESPECIFICADO","HISTORICO","FACTURA NORMAL"
"TR-3130-080426","3130","32","08/04/26","60.000,00","NO ESPECIFICADO","HISTORICO","FACTURA NORMAL"
"TR-3130-130326","3130","31","13/03/26","60.000,00","NO ESPECIFICADO","HISTORICO","FACTURA NORMAL"
"TR-3130-020226","3130","30","02/02/26","60.000,00","NO ESPECIFICADO","HISTORICO","FACTURA NORMAL"
"TR-3134-130726","3134","","13/07/26","60.000,00","NO ESPECIFICADO","HISTORICO","FACTURA NORMAL"
"TR-3134-090626","3134","","09/06/26","60.000,00","NO ESPECIFICADO","HISTORICO","FACTURA NORMAL"
"TR-3134-040526","3134","","04/05/26","60.000,00","NO ESPECIFICADO","HISTORICO","FACTURA NORMAL"
"TR-3134-060426","3134","","06/04/26","60.000,00","NO ESPECIFICADO","HISTORICO","FACTURA NORMAL"
"TR-3134-100326","3134","","10/03/26","60.000,00","NO ESPECIFICADO","HISTORICO","FACTURA NORMAL"
"TR-3134-100226","3134","","10/02/26","60.000,00","NO ESPECIFICADO","HISTORICO","FACTURA NORMAL"
"TR-3137-100726","3137","35","10/07/26","55.000,00","NO ESPECIFICADO","HISTORICO","FACTURA NORMAL"
"TR-3137-030626","3137","34","03/06/26","55.000,00","NO ESPECIFICADO","HISTORICO","FACTURA NORMAL"
"TR-3137-080526","3137","33","08/05/26","55.000,00","NO ESPECIFICADO","HISTORICO","FACTURA NORMAL"
"TR-3137-010426","3137","32","01/04/26","55.000,00","NO ESPECIFICADO","HISTORICO","FACTURA NORMAL"
"TR-3137-090326","3137","31","09/03/26","55.000,00","NO ESPECIFICADO","HISTORICO","FACTURA NORMAL"
"TR-3137-090226","3137","30","09/02/26","55.000,00","NO ESPECIFICADO","HISTORICO","FACTURA NORMAL"
"TR-3142-010726","3142","35","01/07/26","60.000,00","NO ESPECIFICADO","HISTORICO","FACTURA NORMAL"
"TR-3142-010626","3142","34","01/06/26","60.000,00","NO ESPECIFICADO","HISTORICO","FACTURA NORMAL"
"TR-3142-050526","3142","33","05/05/26","60.000,00","NO ESPECIFICADO","HISTORICO","FACTURA NORMAL"
"TR-3142-010426","3142","32","01/04/26","60.000,00","NO ESPECIFICADO","HISTORICO","FACTURA NORMAL"
"TR-3142-030326","3142","31","03/03/26","60.000,00","NO ESPECIFICADO","HISTORICO","FACTURA NORMAL"
"TR-3142-050226","3142","30","05/02/26","60.000,00","NO ESPECIFICADO","HISTORICO","FACTURA NORMAL"
"TR-3158-060726","3158","34","06/07/26","80.000,00","NO ESPECIFICADO","HISTORICO","FACTURA NORMAL"
"TR-3158-040526","3158","33","04/05/26","80.000,00","NO ESPECIFICADO","HISTORICO","FACTURA NORMAL"
"TR-3158-060426","3158","32","06/04/26","80.000,00","NO ESPECIFICADO","HISTORICO","FACTURA NORMAL"
"TR-3158-020326","3158","31","02/03/26","80.000,00","NO ESPECIFICADO","HISTORICO","FACTURA NORMAL"
"TR-3158-010126","3158","30","01/01/26","80.000,00","NO ESPECIFICADO","HISTORICO","FACTURA NORMAL"
"TR-3158-041225","3158","29","04/12/25","80.000,00","NO ESPECIFICADO","HISTORICO","FACTURA NORMAL"
"TR-3163-140726","3163","34","14/07/26","200.000,00","NO ESPECIFICADO","HISTORICO","FACTURA NORMAL"
"TR-3163-120626","3163","33","12/06/26","200.000,00","NO ESPECIFICADO","HISTORICO","FACTURA NORMAL"
"TR-3163-120526","3163","32","12/05/26","200.000,00","NO ESPECIFICADO","HISTORICO","FACTURA NORMAL"
"TR-3163-100426","3163","31","10/04/26","200.000,00","NO ESPECIFICADO","HISTORICO","FACTURA NORMAL"
"TR-3163-100326","3163","30","10/03/26","200.000,00","NO ESPECIFICADO","HISTORICO","FACTURA NORMAL"
"TR-3163-090226","3163","29","09/02/26","200.000,00","NO ESPECIFICADO","HISTORICO","FACTURA NORMAL"
"TR-3177-300626","3177","34","30/06/26","30.000,00","NO ESPECIFICADO","HISTORICO","FACTURA NORMAL"
"TR-3177-310526","3177","33","31/05/26","30.000,00","NO ESPECIFICADO","HISTORICO","FACTURA NORMAL"
"TR-3177-060426","3177","32","06/04/26","30.000,00","NO ESPECIFICADO","HISTORICO","FACTURA NORMAL"
"TR-3177-030326","3177","31","03/03/26","30.000,00","NO ESPECIFICADO","HISTORICO","FACTURA NORMAL"
"TR-3177-050226","3177","30","05/02/26","30.000,00","NO ESPECIFICADO","HISTORICO","FACTURA NORMAL"
"TR-3177-020126","3177","29","02/01/26","30.000,00","NO ESPECIFICADO","HISTORICO","FACTURA NORMAL"
"TR-3182-100726","3182","34","10/07/26","80.000,00","NO ESPECIFICADO","HISTORICO","FACTURA NORMAL"
"TR-3182-110626","3182","33","11/06/26","80.000,00","NO ESPECIFICADO","HISTORICO","FACTURA NORMAL"
"TR-3182-150526","3182","32","15/05/26","80.000,00","NO ESPECIFICADO","HISTORICO","FACTURA NORMAL"
"TR-3182-130426","3182","31","13/04/26","80.000,00","NO ESPECIFICADO","HISTORICO","FACTURA NORMAL"
"TR-3182-160326","3182","30","16/03/26","80.000,00","NO ESPECIFICADO","HISTORICO","FACTURA NORMAL"
"TR-3182-140226","3182","29","14/02/26","80.000,00","NO ESPECIFICADO","HISTORICO","FACTURA NORMAL"
"TR-3184-010726","3184","34","01/07/26","30.000,00","NO ESPECIFICADO","HISTORICO","FACTURA NORMAL"
"TR-3184-300526","3184","33","30/05/26","30.000,00","NO ESPECIFICADO","HISTORICO","FACTURA NORMAL"
"TR-3184-170426","3184","32","17/04/26","30.000,00","NO ESPECIFICADO","HISTORICO","FACTURA NORMAL"
"TR-3184-040326","3184","31","04/03/26","30.000,00","NO ESPECIFICADO","HISTORICO","FACTURA NORMAL"
"TR-3184-140226","3184","30","14/02/26","30.000,00","NO ESPECIFICADO","HISTORICO","FACTURA NORMAL"
"TR-3184-160126","3184","29","16/01/26","30.000,00","NO ESPECIFICADO","HISTORICO","FACTURA NORMAL"
"TR-3186-310726","3186","34","31/07/26","70.000,00","NO ESPECIFICADO","HISTORICO","FACTURA NORMAL"
"TR-3186-300626","3186","33","30/06/26","70.000,00","NO ESPECIFICADO","HISTORICO","FACTURA NORMAL"
"TR-3186-300526","3186","32","30/05/26","70.000,00","NO ESPECIFICADO","HISTORICO","FACTURA NORMAL"
"TR-3186-300426","3186","31","30/04/26","70.000,00","NO ESPECIFICADO","HISTORICO","FACTURA NORMAL"
"TR-3186-310326","3186","30","31/03/26","70.000,00","NO ESPECIFICADO","HISTORICO","FACTURA NORMAL"
"TR-3186-280226","3186","29","28/02/26","70.000,00","NO ESPECIFICADO","HISTORICO","FACTURA NORMAL"
"TR-3200-020726","3200","33","02/07/26","60.000,00","NO ESPECIFICADO","HISTORICO","FACTURA NORMAL"
"TR-3200-080626","3200","32","08/06/26","60.000,00","NO ESPECIFICADO","HISTORICO","FACTURA NORMAL"
"TR-3200-080526","3200","31","08/05/26","60.000,00","NO ESPECIFICADO","HISTORICO","FACTURA NORMAL"
"TR-3200-060426","3200","30","06/04/26","60.000,00","NO ESPECIFICADO","HISTORICO","FACTURA NORMAL"
"TR-3200-030326","3200","29","03/03/26","60.000,00","NO ESPECIFICADO","HISTORICO","FACTURA NORMAL"
"TR-3200-110226","3200","28","11/02/26","60.000,00","NO ESPECIFICADO","HISTORICO","FACTURA NORMAL"
"TR-3203-270726","3203","33","27/07/26","80.000,00","NO ESPECIFICADO","HISTORICO","FACTURA NORMAL"
"TR-3203-190626","3203","32","19/06/26","80.000,00","NO ESPECIFICADO","HISTORICO","FACTURA NORMAL"
"TR-3203-180526","3203","31","18/05/26","80.000,00","NO ESPECIFICADO","HISTORICO","FACTURA NORMAL"
"TR-3203-200426","3203","30","20/04/26","80.000,00","NO ESPECIFICADO","HISTORICO","FACTURA NORMAL"
"TR-3203-170326","3203","29","17/03/26","80.000,00","NO ESPECIFICADO","HISTORICO","FACTURA NORMAL"
"TR-3203-180226","3203","28","18/02/26","80.000,00","NO ESPECIFICADO","HISTORICO","FACTURA NORMAL"
"TR-3211-100726","3211","33","10/07/26","60.000,00","NO ESPECIFICADO","HISTORICO","FACTURA NORMAL"
"TR-3211-090626","3211","32","09/06/26","60.000,00","NO ESPECIFICADO","HISTORICO","FACTURA NORMAL"
"TR-3211-090526","3211","31","09/05/26","60.000,00","NO ESPECIFICADO","HISTORICO","FACTURA NORMAL"
"TR-3211-100426","3211","30","10/04/26","60.000,00","NO ESPECIFICADO","HISTORICO","FACTURA NORMAL"
"TR-3211-100326","3211","29","10/03/26","60.000,00","NO ESPECIFICADO","HISTORICO","FACTURA NORMAL"
"TR-3211-090226","3211","28","09/02/26","60.000,00","NO ESPECIFICADO","HISTORICO","FACTURA NORMAL"
"TR-3223-200726","3223","","20/07/26","40.000,00","NO ESPECIFICADO","HISTORICO","FACTURA NORMAL"
"TR-3223-260626","3223","","26/06/26","40.000,00","NO ESPECIFICADO","HISTORICO","FACTURA NORMAL"
"TR-3223-140526","3223","","14/05/26","40.000,00","NO ESPECIFICADO","HISTORICO","FACTURA NORMAL"
"TR-3223-270426","3223","","27/04/26","40.000,00","NO ESPECIFICADO","HISTORICO","FACTURA NORMAL"
"TR-3223-300326","3223","","30/03/26","40.000,00","NO ESPECIFICADO","HISTORICO","FACTURA NORMAL"
"TR-3223-280226","3223","","28/02/26","40.000,00","NO ESPECIFICADO","HISTORICO","FACTURA NORMAL"
"TR-3226-310726","3226","32","31/07/26","200.000,00","NO ESPECIFICADO","HISTORICO","FACTURA NORMAL"
"TR-3226-040626","3226","31","04/06/26","200.000,00","NO ESPECIFICADO","HISTORICO","FACTURA NORMAL"
"TR-3226-270526","3226","30","27/05/26","200.000,00","NO ESPECIFICADO","HISTORICO","FACTURA NORMAL"
"TR-3226-220426","3226","29","22/04/26","200.000,00","NO ESPECIFICADO","HISTORICO","FACTURA NORMAL"
"TR-3226-310326","3226","28","31/03/26","200.000,00","NO ESPECIFICADO","HISTORICO","FACTURA NORMAL"
"TR-3226-020226","3226","27","02/02/26","200.000,00","NO ESPECIFICADO","HISTORICO","FACTURA NORMAL"
"TR-3249-080726","3249","32","08/07/26","60.000,00","NO ESPECIFICADO","HISTORICO","FACTURA NORMAL"
"TR-3249-290526","3249","31","29/05/26","60.000,00","NO ESPECIFICADO","HISTORICO","FACTURA NORMAL"
"TR-3249-200426","3249","30","20/04/26","60.000,00","NO ESPECIFICADO","HISTORICO","FACTURA NORMAL"
"TR-3249-090326","3249","29","09/03/26","60.000,00","NO ESPECIFICADO","HISTORICO","FACTURA NORMAL"
"TR-3249-110226","3249","28","11/02/26","60.000,00","NO ESPECIFICADO","HISTORICO","FACTURA NORMAL"
"TR-3249-090126","3249","27","09/01/26","60.000,00","NO ESPECIFICADO","HISTORICO","FACTURA NORMAL"
"TR-3250-020726","3250","31","02/07/26","","NO ESPECIFICADO","HISTORICO","FACTURA NORMAL"
"TR-3250-010626","3250","30","01/06/26","","NO ESPECIFICADO","HISTORICO","FACTURA NORMAL"
"TR-3250-010526","3250","29","01/05/26","","NO ESPECIFICADO","HISTORICO","FACTURA NORMAL"
"TR-3250-010426","3250","28","01/04/26","","NO ESPECIFICADO","HISTORICO","FACTURA NORMAL"
"TR-3250-060326","3250","27","06/03/26","","NO ESPECIFICADO","HISTORICO","FACTURA NORMAL"
"TR-3250-020226","3250","26","02/02/26","","NO ESPECIFICADO","HISTORICO","FACTURA NORMAL"
"TR-3251-050626","3251","31","05/06/26","70.000,00","NO ESPECIFICADO","HISTORICO","FACTURA NORMAL"
"TR-3251-180526","3251","30","18/05/26","70.000,00","NO ESPECIFICADO","HISTORICO","FACTURA NORMAL"
"TR-3251-210426","3251","29","21/04/26","70.000,00","NO ESPECIFICADO","HISTORICO","FACTURA NORMAL"
"TR-3251-200326","3251","28","20/03/26","70.000,00","NO ESPECIFICADO","HISTORICO","FACTURA NORMAL"
"TR-3251-200226","3251","27","20/02/26","70.000,00","NO ESPECIFICADO","HISTORICO","FACTURA NORMAL"
"TR-3251-200126","3251","26","20/01/26","70.000,00","NO ESPECIFICADO","HISTORICO","FACTURA NORMAL"
"TR-3267-170726","3267","","17/07/26","55.000,00","NO ESPECIFICADO","HISTORICO","FACTURA NORMAL"
"TR-3267-170626","3267","","17/06/26","55.000,00","NO ESPECIFICADO","HISTORICO","FACTURA NORMAL"
"TR-3267-150526","3267","","15/05/26","55.000,00","NO ESPECIFICADO","HISTORICO","FACTURA NORMAL"
"TR-3267-300426","3267","","30/04/26","55.000,00","NO ESPECIFICADO","HISTORICO","FACTURA NORMAL"
"TR-3267-130326","3267","","13/03/26","55.000,00","NO ESPECIFICADO","HISTORICO","FACTURA NORMAL"
"TR-3267-200226","3267","","20/02/26","55.000,00","NO ESPECIFICADO","HISTORICO","FACTURA NORMAL"
"TR-3300-300626","3300","29","30/06/26","50.000,00","NO ESPECIFICADO","HISTORICO","FACTURA NORMAL"
"TR-3300-300526","3300","28","30/05/26","50.000,00","NO ESPECIFICADO","HISTORICO","FACTURA NORMAL"
"TR-3300-300426","3300","27","30/04/26","50.000,00","NO ESPECIFICADO","HISTORICO","FACTURA NORMAL"
"TR-3300-310326","3300","26","31/03/26","50.000,00","NO ESPECIFICADO","HISTORICO","FACTURA NORMAL"
"TR-3300-280226","3300","25","28/02/26","50.000,00","NO ESPECIFICADO","HISTORICO","FACTURA NORMAL"
"TR-3300-310126","3300","24","31/01/26","50.000,00","NO ESPECIFICADO","HISTORICO","FACTURA NORMAL"
"TR-3303-010726","3303","29","01/07/26","60.000,00","NO ESPECIFICADO","HISTORICO","FACTURA NORMAL"
"TR-3303-110626","3303","28","11/06/26","60.000,00","NO ESPECIFICADO","HISTORICO","FACTURA NORMAL"
"TR-3303-110526","3303","27","11/05/26","60.000,00","NO ESPECIFICADO","HISTORICO","FACTURA NORMAL"
"TR-3303-090426","3303","26","09/04/26","60.000,00","NO ESPECIFICADO","HISTORICO","FACTURA NORMAL"
"TR-3303-100326","3303","25","10/03/26","60.000,00","NO ESPECIFICADO","HISTORICO","FACTURA NORMAL"
"TR-3303-090226","3303","24","09/02/26","60.000,00","NO ESPECIFICADO","HISTORICO","FACTURA NORMAL"
"TR-3307-210726","3307","29","21/07/26","80.000,00","NO ESPECIFICADO","HISTORICO","FACTURA NORMAL"
"TR-3307-220626","3307","28","22/06/26","80.000,00","NO ESPECIFICADO","HISTORICO","FACTURA NORMAL"
"TR-3307-240526","3307","27","24/05/26","80.000,00","NO ESPECIFICADO","HISTORICO","FACTURA NORMAL"
"TR-3307-240426","3307","26","24/04/26","80.000,00","NO ESPECIFICADO","HISTORICO","FACTURA NORMAL"
"TR-3307-210226","3307","25","21/02/26","80.000,00","NO ESPECIFICADO","HISTORICO","FACTURA NORMAL"
"TR-3307-260126","3307","24","26/01/26","80.000,00","NO ESPECIFICADO","HISTORICO","FACTURA NORMAL"
"TR-3315-270726","3315","29","27/07/26","99.999,00","NO ESPECIFICADO","HISTORICO","FACTURA NORMAL"
"TR-3315-290626","3315","28","29/06/26","99.999,00","NO ESPECIFICADO","HISTORICO","FACTURA NORMAL"
"TR-3315-290526","3315","27","29/05/26","99.999,00","NO ESPECIFICADO","HISTORICO","FACTURA NORMAL"
"TR-3315-300426","3315","26","30/04/26","99.999,00","NO ESPECIFICADO","HISTORICO","FACTURA NORMAL"
"TR-3315-310326","3315","25","31/03/26","99.999,00","NO ESPECIFICADO","HISTORICO","FACTURA NORMAL"
"TR-3315-250226","3315","24","25/02/26","99.999,00","NO ESPECIFICADO","HISTORICO","FACTURA NORMAL"
"TR-3325-100726","3325","28","10/07/26","200.000,00","NO ESPECIFICADO","HISTORICO","FACTURA NORMAL"
"TR-3325-100626","3325","27","10/06/26","200.000,00","NO ESPECIFICADO","HISTORICO","FACTURA NORMAL"
"TR-3325-110526","3325","26","11/05/26","200.000,00","NO ESPECIFICADO","HISTORICO","FACTURA NORMAL"
"TR-3325-090426","3325","25","09/04/26","200.000,00","NO ESPECIFICADO","HISTORICO","FACTURA NORMAL"
"TR-3325-100326","3325","24","10/03/26","200.000,00","NO ESPECIFICADO","HISTORICO","FACTURA NORMAL"
"TR-3325-100226","3325","23","10/02/26","200.000,00","NO ESPECIFICADO","HISTORICO","FACTURA NORMAL"
"TR-3342-240726","3342","28","24/07/26","100.000,00","NO ESPECIFICADO","HISTORICO","FACTURA NORMAL"
"TR-3342-170626","3342","27","17/06/26","100.000,00","NO ESPECIFICADO","HISTORICO","FACTURA NORMAL"
"TR-3342-210526","3342","26","21/05/26","100.000,00","NO ESPECIFICADO","HISTORICO","FACTURA NORMAL"
"TR-3342-130426","3342","25","13/04/26","100.000,00","NO ESPECIFICADO","HISTORICO","FACTURA NORMAL"
"TR-3342-160326","3342","24","16/03/26","100.000,00","NO ESPECIFICADO","HISTORICO","FACTURA NORMAL"
"TR-3342-190226","3342","23","19/02/26","100.000,00","NO ESPECIFICADO","HISTORICO","FACTURA NORMAL"
"TR-3349-090726","3349","27","09/07/26","260.000,00","NO ESPECIFICADO","HISTORICO","FACTURA NORMAL"
"TR-3349-030626","3349","26","03/06/26","260.000,00","NO ESPECIFICADO","HISTORICO","FACTURA NORMAL"
"TR-3349-060526","3349","25","06/05/26","260.000,00","NO ESPECIFICADO","HISTORICO","FACTURA NORMAL"
"TR-3349-150426","3349","24","15/04/26","260.000,00","NO ESPECIFICADO","HISTORICO","FACTURA NORMAL"
"TR-3349-100326","3349","23","10/03/26","260.000,00","NO ESPECIFICADO","HISTORICO","FACTURA NORMAL"
"TR-3349-060226","3349","22","06/02/26","260.000,00","NO ESPECIFICADO","HISTORICO","FACTURA NORMAL"
"TR-3355-150726","3355","27","15/07/26","100.000,00","NO ESPECIFICADO","HISTORICO","FACTURA NORMAL"
"TR-3355-100626","3355","26","10/06/26","100.000,00","NO ESPECIFICADO","HISTORICO","FACTURA NORMAL"
"TR-3355-150526","3355","25","15/05/26","100.000,00","NO ESPECIFICADO","HISTORICO","FACTURA NORMAL"
"TR-3355-150426","3355","24","15/04/26","100.000,00","NO ESPECIFICADO","HISTORICO","FACTURA NORMAL"
"TR-3355-130326","3355","23","13/03/26","100.000,00","NO ESPECIFICADO","HISTORICO","FACTURA NORMAL"
"TR-3355-130226","3355","22","13/02/26","100.000,00","NO ESPECIFICADO","HISTORICO","FACTURA NORMAL"
"TR-3356-200726","3356","27","20/07/26","40.000,00","NO ESPECIFICADO","HISTORICO","FACTURA NORMAL"
"TR-3356-220626","3356","26","22/06/26","40.000,00","NO ESPECIFICADO","HISTORICO","FACTURA NORMAL"
"TR-3356-200526","3356","25","20/05/26","40.000,00","NO ESPECIFICADO","HISTORICO","FACTURA NORMAL"
"TR-3356-200426","3356","24","20/04/26","40.000,00","NO ESPECIFICADO","HISTORICO","FACTURA NORMAL"
"TR-3356-130326","3356","23","13/03/26","40.000,00","NO ESPECIFICADO","HISTORICO","FACTURA NORMAL"
"TR-3356-190226","3356","22","19/02/26","40.000,00","NO ESPECIFICADO","HISTORICO","FACTURA NORMAL"
"TR-3366-090726","3366","27","09/07/26","50.000,00","NO ESPECIFICADO","HISTORICO","FACTURA NORMAL"
"TR-3366-090626","3366","26","09/06/26","50.000,00","NO ESPECIFICADO","HISTORICO","FACTURA NORMAL"
"TR-3366-120526","3366","25","12/05/26","50.000,00","NO ESPECIFICADO","HISTORICO","FACTURA NORMAL"
"TR-3366-120426","3366","24","12/04/26","50.000,00","NO ESPECIFICADO","HISTORICO","FACTURA NORMAL"
"TR-3366-110326","3366","23","11/03/26","50.000,00","NO ESPECIFICADO","HISTORICO","FACTURA NORMAL"
"TR-3366-090226","3366","22","09/02/26","50.000,00","NO ESPECIFICADO","HISTORICO","FACTURA NORMAL"
"TR-3369-210726","3369","27","21/07/26","40.000,00","NO ESPECIFICADO","HISTORICO","FACTURA NORMAL"
"TR-3369-160626","3369","26","16/06/26","40.000,00","NO ESPECIFICADO","HISTORICO","FACTURA NORMAL"
"TR-3369-270526","3369","25","27/05/26","40.000,00","NO ESPECIFICADO","HISTORICO","FACTURA NORMAL"
"TR-3369-200426","3369","24","20/04/26","40.000,00","NO ESPECIFICADO","HISTORICO","FACTURA NORMAL"
"TR-3369-250326","3369","23","25/03/26","40.000,00","NO ESPECIFICADO","HISTORICO","FACTURA NORMAL"
"TR-3369-250226","3369","22","25/02/26","40.000,00","NO ESPECIFICADO","HISTORICO","FACTURA NORMAL"
"TR-3371-270726","3371","27","27/07/26","99.999,00","NO ESPECIFICADO","HISTORICO","FACTURA NORMAL"
"TR-3371-290626","3371","26","29/06/26","99.999,00","NO ESPECIFICADO","HISTORICO","FACTURA NORMAL"
"TR-3371-270526","3371","25","27/05/26","99.999,00","NO ESPECIFICADO","HISTORICO","FACTURA NORMAL"
"TR-3371-280426","3371","24","28/04/26","99.999,00","NO ESPECIFICADO","HISTORICO","FACTURA NORMAL"
"TR-3371-300326","3371","23","30/03/26","99.999,00","NO ESPECIFICADO","HISTORICO","FACTURA NORMAL"
"TR-3371-270226","3371","22","27/02/26","99.999,00","NO ESPECIFICADO","HISTORICO","FACTURA NORMAL"
"TR-3378-080726","3378","26","08/07/26","150.000,00","NO ESPECIFICADO","HISTORICO","FACTURA NORMAL"
"TR-3378-050626","3378","25","05/06/26","150.000,00","NO ESPECIFICADO","HISTORICO","FACTURA NORMAL"
"TR-3378-130526","3378","24","13/05/26","150.000,00","NO ESPECIFICADO","HISTORICO","FACTURA NORMAL"
"TR-3378-100426","3378","23","10/04/26","150.000,00","NO ESPECIFICADO","HISTORICO","FACTURA NORMAL"
"TR-3378-130326","3378","22","13/03/26","150.000,00","NO ESPECIFICADO","HISTORICO","FACTURA NORMAL"
"TR-3378-110226","3378","21","11/02/26","150.000,00","NO ESPECIFICADO","HISTORICO","FACTURA NORMAL"
"TR-3380-310726","3380","26","31/07/26","50.000,00","NO ESPECIFICADO","HISTORICO","FACTURA NORMAL"
"TR-3380-300626","3380","25","30/06/26","50.000,00","NO ESPECIFICADO","HISTORICO","FACTURA NORMAL"
"TR-3380-300526","3380","24","30/05/26","50.000,00","NO ESPECIFICADO","HISTORICO","FACTURA NORMAL"
"TR-3380-300426","3380","23","30/04/26","50.000,00","NO ESPECIFICADO","HISTORICO","FACTURA NORMAL"
"TR-3380-310326","3380","22","31/03/26","50.000,00","NO ESPECIFICADO","HISTORICO","FACTURA NORMAL"
"TR-3380-050226","3380","21","05/02/26","50.000,00","NO ESPECIFICADO","HISTORICO","FACTURA NORMAL"
"TR-3381-200726","3381","26","20/07/26","99.999,00","NO ESPECIFICADO","HISTORICO","FACTURA NORMAL"
"TR-3381-160626","3381","25","16/06/26","99.999,00","NO ESPECIFICADO","HISTORICO","FACTURA NORMAL"
"TR-3381-280526","3381","24","28/05/26","99.999,00","NO ESPECIFICADO","HISTORICO","FACTURA NORMAL"
"TR-3381-060426","3381","23","06/04/26","99.999,00","NO ESPECIFICADO","HISTORICO","FACTURA NORMAL"
"TR-3381-040326","3381","22","04/03/26","99.999,00","NO ESPECIFICADO","HISTORICO","FACTURA NORMAL"
"TR-3381-180226","3381","21","18/02/26","99.999,00","NO ESPECIFICADO","HISTORICO","FACTURA NORMAL"
"TR-3388-300726","3388","26","30/07/26","80.000,00","NO ESPECIFICADO","HISTORICO","FACTURA NORMAL"
"TR-3388-300626","3388","25","30/06/26","80.000,00","NO ESPECIFICADO","HISTORICO","FACTURA NORMAL"
"TR-3388-290526","3388","24","29/05/26","80.000,00","NO ESPECIFICADO","HISTORICO","FACTURA NORMAL"
"TR-3388-300426","3388","23","30/04/26","80.000,00","NO ESPECIFICADO","HISTORICO","FACTURA NORMAL"
"TR-3388-300326","3388","22","30/03/26","80.000,00","NO ESPECIFICADO","HISTORICO","FACTURA NORMAL"
"TR-3388-270226","3388","21","27/02/26","80.000,00","NO ESPECIFICADO","HISTORICO","FACTURA NORMAL"
"TR-3400-080726","3400","25","08/07/26","60.000,00","NO ESPECIFICADO","HISTORICO","FACTURA NORMAL"
"TR-3400-020626","3400","24","02/06/26","60.000,00","NO ESPECIFICADO","HISTORICO","FACTURA NORMAL"
"TR-3400-060526","3400","23","06/05/26","60.000,00","NO ESPECIFICADO","HISTORICO","FACTURA NORMAL"
"TR-3400-060426","3400","22","06/04/26","60.000,00","NO ESPECIFICADO","HISTORICO","FACTURA NORMAL"
"TR-3400-030326","3400","21","03/03/26","60.000,00","NO ESPECIFICADO","HISTORICO","FACTURA NORMAL"
"TR-3400-040226","3400","20","04/02/26","60.000,00","NO ESPECIFICADO","HISTORICO","FACTURA NORMAL"
"TR-3401-310726","3401","25","31/07/26","60.000,00","NO ESPECIFICADO","HISTORICO","FACTURA NORMAL"
"TR-3401-300626","3401","24","30/06/26","60.000,00","NO ESPECIFICADO","HISTORICO","FACTURA NORMAL"
"TR-3401-300526","3401","23","30/05/26","60.000,00","NO ESPECIFICADO","HISTORICO","FACTURA NORMAL"
"TR-3401-300426","3401","22","30/04/26","60.000,00","NO ESPECIFICADO","HISTORICO","FACTURA NORMAL"
"TR-3401-020326","3401","21","02/03/26","60.000,00","NO ESPECIFICADO","HISTORICO","FACTURA NORMAL"
"TR-3401-020226","3401","20","02/02/26","60.000,00","NO ESPECIFICADO","HISTORICO","FACTURA NORMAL"
"TR-3402-310726","3402","25","31/07/26","60.000,00","NO ESPECIFICADO","HISTORICO","FACTURA NORMAL"
"TR-3402-300626","3402","24","30/06/26","60.000,00","NO ESPECIFICADO","HISTORICO","FACTURA NORMAL"
"TR-3402-200526","3402","23","20/05/26","60.000,00","NO ESPECIFICADO","HISTORICO","FACTURA NORMAL"
"TR-3402-250326","3402","22","25/03/26","60.000,00","NO ESPECIFICADO","HISTORICO","FACTURA NORMAL"
"TR-3402-200226","3402","21","20/02/26","60.000,00","NO ESPECIFICADO","HISTORICO","FACTURA NORMAL"
"TR-3402-220126","3402","20","22/01/26","60.000,00","NO ESPECIFICADO","HISTORICO","FACTURA NORMAL"
"TR-3404-080726","3404","25","08/07/26","60.000,00","NO ESPECIFICADO","HISTORICO","FACTURA NORMAL"
"TR-3404-040626","3404","24","04/06/26","60.000,00","NO ESPECIFICADO","HISTORICO","FACTURA NORMAL"
"TR-3404-080626","3404","23","08/06/26","60.000,00","NO ESPECIFICADO","HISTORICO","FACTURA NORMAL"
"TR-3404-080426","3404","22","08/04/26","60.000,00","NO ESPECIFICADO","HISTORICO","FACTURA NORMAL"
"TR-3404-050326","3404","21","05/03/26","60.000,00","NO ESPECIFICADO","HISTORICO","FACTURA NORMAL"
"TR-3404-050226","3404","20","05/02/26","60.000,00","NO ESPECIFICADO","HISTORICO","FACTURA NORMAL"
"TR-3409-100726","3409","25","10/07/26","120.000,00","NO ESPECIFICADO","HISTORICO","FACTURA NORMAL"
"TR-3409-050626","3409","24","05/06/26","120.000,00","NO ESPECIFICADO","HISTORICO","FACTURA NORMAL"
"TR-3409-120526","3409","23","12/05/26","120.000,00","NO ESPECIFICADO","HISTORICO","FACTURA NORMAL"
"TR-3409-130426","3409","22","13/04/26","120.000,00","NO ESPECIFICADO","HISTORICO","FACTURA NORMAL"
"TR-3409-120326","3409","21","12/03/26","120.000,00","NO ESPECIFICADO","HISTORICO","FACTURA NORMAL"
"TR-3409-130226","3409","20","13/02/26","120.000,00","NO ESPECIFICADO","HISTORICO","FACTURA NORMAL"
"TR-3418-060726","3418","24","06/07/26","90.000,00","NO ESPECIFICADO","HISTORICO","FACTURA NORMAL"
"TR-3418-090626","3418","23","09/06/26","90.000,00","NO ESPECIFICADO","HISTORICO","FACTURA NORMAL"
"TR-3418-110526","3418","22","11/05/26","90.000,00","NO ESPECIFICADO","HISTORICO","FACTURA NORMAL"
"TR-3418-100426","3418","21","10/04/26","90.000,00","NO ESPECIFICADO","HISTORICO","FACTURA NORMAL"
"TR-3418-090326","3418","20","09/03/26","90.000,00","NO ESPECIFICADO","HISTORICO","FACTURA NORMAL"
"TR-3418-090226","3418","19","09/02/26","90.000,00","NO ESPECIFICADO","HISTORICO","FACTURA NORMAL"
"TR-3423-100726","3423","24","10/07/26","300.000,00","NO ESPECIFICADO","HISTORICO","FACTURA NORMAL"
"TR-3423-110626","3423","23","11/06/26","300.000,00","NO ESPECIFICADO","HISTORICO","FACTURA NORMAL"
"TR-3423-110526","3423","22","11/05/26","300.000,00","NO ESPECIFICADO","HISTORICO","FACTURA NORMAL"
"TR-3423-100426","3423","21","10/04/26","300.000,00","NO ESPECIFICADO","HISTORICO","FACTURA NORMAL"
"TR-3423-100326","3423","20","10/03/26","300.000,00","NO ESPECIFICADO","HISTORICO","FACTURA NORMAL"
"TR-3423-100226","3423","19","10/02/26","300.000,00","NO ESPECIFICADO","HISTORICO","FACTURA NORMAL"
"TR-3431-080726","3431","24","08/07/26","150.000,00","NO ESPECIFICADO","HISTORICO","FACTURA NORMAL"
"TR-3431-090626","3431","23","09/06/26","150.000,00","NO ESPECIFICADO","HISTORICO","FACTURA NORMAL"
"TR-3431-040526","3431","22","04/05/26","150.000,00","NO ESPECIFICADO","HISTORICO","FACTURA NORMAL"
"TR-3431-070426","3431","21","07/04/26","150.000,00","NO ESPECIFICADO","HISTORICO","FACTURA NORMAL"
"TR-3431-070326","3431","20","07/03/26","150.000,00","NO ESPECIFICADO","HISTORICO","FACTURA NORMAL"
"TR-3431-020226","3431","19","02/02/26","150.000,00","NO ESPECIFICADO","HISTORICO","FACTURA NORMAL"
"TR-3450-060726","3450","23","06/07/26","200.000,00","NO ESPECIFICADO","HISTORICO","FACTURA NORMAL"
"TR-3450-100626","3450","22","10/06/26","200.000,00","NO ESPECIFICADO","HISTORICO","FACTURA NORMAL"
"TR-3450-080526","3450","21","08/05/26","200.000,00","NO ESPECIFICADO","HISTORICO","FACTURA NORMAL"
"TR-3450-090426","3450","20","09/04/26","200.000,00","NO ESPECIFICADO","HISTORICO","FACTURA NORMAL"
"TR-3450-090326","3450","19","09/03/26","200.000,00","NO ESPECIFICADO","HISTORICO","FACTURA NORMAL"
"TR-3450-090226","3450","18","09/02/26","200.000,00","NO ESPECIFICADO","HISTORICO","FACTURA NORMAL"
"TR-3451-090726","3451","","09/07/26","250.000,00","NO ESPECIFICADO","HISTORICO","FACTURA NORMAL"
"TR-3451-090626","3451","","09/06/26","250.000,00","NO ESPECIFICADO","HISTORICO","FACTURA NORMAL"
"TR-3451-110526","3451","","11/05/26","250.000,00","NO ESPECIFICADO","HISTORICO","FACTURA NORMAL"
"TR-3451-080426","3451","","08/04/26","250.000,00","NO ESPECIFICADO","HISTORICO","FACTURA NORMAL"
"TR-3451-060326","3451","","06/03/26","250.000,00","NO ESPECIFICADO","HISTORICO","FACTURA NORMAL"
"TR-3451-090226","3451","","09/02/26","250.000,00","NO ESPECIFICADO","HISTORICO","FACTURA NORMAL"
"TR-3457-310726","3457","22","31/07/26","80.000,00","NO ESPECIFICADO","HISTORICO","FACTURA NORMAL"
"TR-3457-300626","3457","21","30/06/26","80.000,00","NO ESPECIFICADO","HISTORICO","FACTURA NORMAL"
"TR-3457-300526","3457","20","30/05/26","80.000,00","NO ESPECIFICADO","HISTORICO","FACTURA NORMAL"
"TR-3457-300426","3457","19","30/04/26","80.000,00","NO ESPECIFICADO","HISTORICO","FACTURA NORMAL"
"TR-3457-310326","3457","18","31/03/26","80.000,00","NO ESPECIFICADO","HISTORICO","FACTURA NORMAL"
"TR-3457-280226","3457","17","28/02/26","80.000,00","NO ESPECIFICADO","HISTORICO","FACTURA NORMAL"
"TR-3478-020726","3478","17","02/07/26","120.000,00","NO ESPECIFICADO","HISTORICO","FACTURA NORMAL"
"TR-3478-020626","3478","16","02/06/26","120.000,00","NO ESPECIFICADO","HISTORICO","FACTURA NORMAL"
"TR-3478-300526","3478","15","30/05/26","120.000,00","NO ESPECIFICADO","HISTORICO","FACTURA NORMAL"
"TR-3478-070426","3478","14","07/04/26","120.000,00","NO ESPECIFICADO","HISTORICO","FACTURA NORMAL"
"TR-3478-040326","3478","13","04/03/26","120.000,00","NO ESPECIFICADO","HISTORICO","FACTURA NORMAL"
"TR-3478-050226","3478","12","05/02/26","120.000,00","NO ESPECIFICADO","HISTORICO","FACTURA NORMAL"
"TR-3488-100726","3488","15","10/07/26","300.000,00","NO ESPECIFICADO","HISTORICO","FACTURA NORMAL"
"TR-3488-020626","3488","14","02/06/26","300.000,00","NO ESPECIFICADO","HISTORICO","FACTURA NORMAL"
"TR-3488-050526","3488","13","05/05/26","300.000,00","NO ESPECIFICADO","HISTORICO","FACTURA NORMAL"
"TR-3488-060426","3488","12","06/04/26","300.000,00","NO ESPECIFICADO","HISTORICO","FACTURA NORMAL"
"TR-3488-030326","3488","11","03/03/26","300.000,00","NO ESPECIFICADO","HISTORICO","FACTURA NORMAL"
"TR-3488-030226","3488","10","03/02/26","300.000,00","NO ESPECIFICADO","HISTORICO","FACTURA NORMAL"
"TR-3490-080726","3490","15","08/07/26","300.000,00","NO ESPECIFICADO","HISTORICO","FACTURA NORMAL"
"TR-3490-100626","3490","14","10/06/26","300.000,00","NO ESPECIFICADO","HISTORICO","FACTURA NORMAL"
"TR-3490-040526","3490","13","04/05/26","300.000,00","NO ESPECIFICADO","HISTORICO","FACTURA NORMAL"
"TR-3490-130426","3490","12","13/04/26","300.000,00","NO ESPECIFICADO","HISTORICO","FACTURA NORMAL"
"TR-3490-110326","3490","11","11/03/26","300.000,00","NO ESPECIFICADO","HISTORICO","FACTURA NORMAL"
"TR-3490-060226","3490","10","06/02/26","300.000,00","NO ESPECIFICADO","HISTORICO","FACTURA NORMAL"
"TR-3491-030726","3491","15","03/07/26","200.000,00","NO ESPECIFICADO","HISTORICO","FACTURA NORMAL"
"TR-3491-090626","3491","14","09/06/26","200.000,00","NO ESPECIFICADO","HISTORICO","FACTURA NORMAL"
"TR-3491-040526","3491","13","04/05/26","200.000,00","NO ESPECIFICADO","HISTORICO","FACTURA NORMAL"
"TR-3491-080426","3491","12","08/04/26","200.000,00","NO ESPECIFICADO","HISTORICO","FACTURA NORMAL"
"TR-3491-040326","3491","11","04/03/26","200.000,00","NO ESPECIFICADO","HISTORICO","FACTURA NORMAL"
"TR-3491-030226","3491","10","03/02/26","200.000,00","NO ESPECIFICADO","HISTORICO","FACTURA NORMAL"
"TR-3548-310726","3548","4","31/07/26","100.000,00","NO ESPECIFICADO","HISTORICO","FACTURA NORMAL"
"TR-3548-290626","3548","3","29/06/26","100.000,00","NO ESPECIFICADO","HISTORICO","FACTURA NORMAL"
"TR-3548-290526","3548","2","29/05/26","100.000,00","NO ESPECIFICADO","HISTORICO","FACTURA NORMAL"
